search URL:,https://patents.google.com/?assignee=ACCELERON+PHARMA+INC
id,title,assignee,inventor/author,priority date,filing/creation date,publication date,grant date,result link,representative figure link
US-7560541-B2,Heart20049410 full-length cDNA and polypeptides ,"Acceleron Pharma, Inc.","Takao Isogai, Tomoyasu Sugiyama, Tetsuji Otsuki, Ai Wakamatsu, Hiroyuki Sato, Shizuko Ishii, Jun-Ichi Yamamoto, Yuuko Isono, Yuri Hio, Kaoru Otsuka, Keiichi Nagai, Ryotaro Irie, Ichiro Tamechika, Naohiko Seki, Tsutomu Yoshikawa, Motoyuki Otsuka, Kenji Nagahari, Yasuhiko Masuho",2002-03-22,2007-06-25,2009-07-14,2009-07-14,https://patents.google.com/patent/US7560541B2/en,https://patentimages.storage.googleapis.com/US7560541B2/US07560541-20090714-D00001.png
US-9138459-B2,"ACTRIIB-FC polynucleotides, polypeptides, and compositions ",Acceleron Pharma Inc.,"John Knopf, Jasbir Seehra",2004-07-23,2012-08-17,2015-09-22,2015-09-22,https://patents.google.com/patent/US9138459B2/en,https://patentimages.storage.googleapis.com/5d/c2/3d/ec389cfbe5f613/US09138459-20150922-D00001.png
US-8343933-B2,Variants derived from ActRIIB and uses therefor ,"Acceleron Pharma, Inc.","John Knopf, Jasbir Seehra, Ravindra Kumar",2007-02-02,2010-09-29,2013-01-01,2013-01-01,https://patents.google.com/patent/US8343933B2/en,https://patentimages.storage.googleapis.com/ac/e7/ac/b726b6490590d2/US08343933-20130101-D00000.png
EP-2468290-B1,Activin-ActRII Antagonists for use in treating anemia ,"Acceleron Pharma, Inc.",Matthew L. Sherman,2006-12-18,2007-12-18,2015-04-01,2015-04-01,https://patents.google.com/patent/EP2468290B1/en,https://patentimages.storage.googleapis.com/87/49/03/5b92204f71627d/imgf0001.png
US-9505813-B2,Use of GDF traps to treat anemia ,Acceleron Pharma Inc.,"Jasbir Seehra, Robert Scott Pearsall, Ravindra Kumar",2008-08-14,2013-01-25,2016-11-29,2016-11-29,https://patents.google.com/patent/US9505813B2/en,https://patentimages.storage.googleapis.com/c0/c1/b0/cbdda6e2e4c95a/US09505813-20161129-D00001.png
US-7612041-B2,Isolated activin-binding ActRIIa polypeptide comprising the SEQ ID NO: 7 and uses for promoting bone growth ,Acceleron Pharma Inc.,"John Knopf, Jasbir Seehra",2005-11-23,2006-11-22,2009-11-03,2009-11-03,https://patents.google.com/patent/US7612041B2/en,https://patentimages.storage.googleapis.com/36/57/b2/20147f44d1d8d8/US07612041-20091103-D00001.png
US-8703927-B2,Isolated nucleotide sequences encoding GDF traps ,Acceleron Pharma Inc.,"Jasbir Seehra, Robert Scott Pearsall, Ravindra Kumar",2008-08-14,2012-07-05,2014-04-22,2014-04-22,https://patents.google.com/patent/US8703927B2/en,https://patentimages.storage.googleapis.com/26/33/8b/df0b1a5251c4c2/US08703927-20140422-D00001.png
AU-2015205918-B2,Methods for increasing thermogenic adipocytes ,Acceleron Pharma Inc.,"John Knopf, Ravindra Kumar, Jasbir Seehra",2009-06-08,2015-07-23,2017-03-16,2017-03-16,https://patents.google.com/patent/AU2015205918B2/en,
US-2009042780-A1,Modified TGF-Beta Superfamily Polypeptides and Related Methods ,Acceleron Pharma Inc,"John Knopf, Jasbir Seehra",2004-05-20,2005-05-20,2009-02-12,,https://patents.google.com/patent/US20090042780A1/en,
US-8367611-B2,Activin-actriia antagonists for inhibiting germ cell maturation ,Acceleron Pharma Inc.,"John Knopf, Jasbir Seehra, Matthew L. Sherman",2007-09-18,2011-05-19,2013-02-05,2013-02-05,https://patents.google.com/patent/US8367611B2/en,https://patentimages.storage.googleapis.com/ae/a9/ac/f1fbdbc73ad31a/US08367611-20130205-D00001.png
US-8138142-B2,Methods for increasing adiponectin in a patient in need thereof ,Acceleron Pharma Inc.,"Jasbir Seehra, Ravindra Kumar, Jennifer Lachey, Alan Koncarevic",2009-01-13,2010-01-13,2012-03-20,2012-03-20,https://patents.google.com/patent/US8138142B2/en,https://patentimages.storage.googleapis.com/7d/3b/47/f274d9c54e9e47/US08138142-20120320-D00001.png
EP-2303918-B1,SOLUBLE ACTRIIa AS ACTIVIN-ACTRIIA ANTAGONIST FOR USE IN TREATING ANEMIA ,"Acceleron Pharma, Inc.","Matthew L. Sherman, Niels Borgstein",2008-06-26,2009-06-26,2018-09-05,2018-09-05,https://patents.google.com/patent/EP2303918B1/en,https://patentimages.storage.googleapis.com/1c/c5/e4/fe0ea7d603d267/imgf0001.png
US-7741284-B2,BMP10 propeptides and related methods ,Acceleron Pharma Inc.,"Jasbir Seehra, John Knopf",2004-05-12,2005-05-12,2010-06-22,2010-06-22,https://patents.google.com/patent/US7741284B2/en,https://patentimages.storage.googleapis.com/71/7e/32/4d1a81732cd3a2/US07741284-20100622-D00001.png
AU-2010263182-B2,Truncated ActRIIB-Fc fusion proteins ,Acceleron Pharma Inc.,"Ravindra Kumar, Jasbir Seehra",2009-06-12,2010-06-08,2016-05-12,2016-05-12,https://patents.google.com/patent/AU2010263182B2/en,
US-10093707-B2,Antagonists of activin-ActRIIa and uses for increasing red blood cell levels ,Acceleron Pharma Inc.,"Matthew L. Sherman, Jasbir Seehra, Niels Borgstein",2006-12-18,2014-11-20,2018-10-09,2018-10-09,https://patents.google.com/patent/US10093707B2/en,https://patentimages.storage.googleapis.com/07/64/97/f8c70173ad022a/US10093707-20181009-D00001.png
AU-2008211007-B2,Activin-ActRIIa antagonists and uses for treating or preventing breast cancer ,Acceleron Pharma Inc.,"John Knopf, Ravindra Kumar, Jasbir Seehra",2007-02-01,2008-02-01,2013-09-19,2013-09-19,https://patents.google.com/patent/AU2008211007B2/en,
EP-3117829-A1,Combined use of gdf traps and erythropoietin receptor activators to increase red blood cell levels ,Acceleron Pharma Inc.,"Jasbir Seehra, Robert Scott Pearsall, Ravindra Kumar",2009-08-13,2010-08-13,2017-01-18,,https://patents.google.com/patent/EP3117829A1/en,https://patentimages.storage.googleapis.com/6b/ea/d5/2a9828bee0ba45/imgf0001.png
US-8173601-B2,Activin-ActRIIa antagonists and uses for treating multiple myeloma ,"Acceleron Pharma, Inc.","John Knopf, Jasbir Seehra, Ravindra Kumar",2007-02-09,2008-02-01,2012-05-08,2012-05-08,https://patents.google.com/patent/US8173601B2/en,https://patentimages.storage.googleapis.com/02/fb/a7/6d8053a4bcae39/US08173601-20120508-D00001.png
EP-2475427-B1,Actriib antagonists and dosing and uses thereof ,"Acceleron Pharma, Inc.","Jasbir Seehra, John Knopf, Ken Attie",2009-09-09,2010-09-09,2016-11-30,2016-11-30,https://patents.google.com/patent/EP2475427B1/en,https://patentimages.storage.googleapis.com/e2/1c/13/89463c55c8ca9a/imgf0001.png
AU-2017201580-B2,Methods and compositions for treating ineffective erythropoiesis ,"Acceleron Pharma, Inc.","Ravindra Kumar, Robert Scott Pearsall, Jasbir Seehra, Naga Venkata Sai Rajasekhar Suragani",2011-10-17,2017-03-08,2018-07-12,2018-07-12,https://patents.google.com/patent/AU2017201580B2/en,
US-8710016-B2,ActRIIB proteins and variants and uses therefore relating to utrophin induction for muscular dystrophy therapy ,"Acceleron Pharma, Inc.","Jasbir Seehra, Jennifer Lachey",2009-11-17,2010-11-17,2014-04-29,2014-04-29,https://patents.google.com/patent/US8710016B2/en,https://patentimages.storage.googleapis.com/18/e9/e3/58c918a121dd06/US08710016-20140429-D00001.png
US-2010028332-A1,Antagonists of actriib and uses for increasing red blood cell levels ,Acceleron Pharma Inc.,"Matthew L. Sherman, Jasbir Seehra, Niels Borgstein",2006-12-18,2009-06-26,2010-02-04,,https://patents.google.com/patent/US20100028332A1/en,
AU-2016203098-B2,Antagonists of activin-ActRIIa and uses for increasing red blood cell levels ,Acceleron Pharma Inc.,"Niels Borgstein, Jasbir Seehra, Matthew L. Sherman",2008-06-26,2016-05-12,2018-03-08,2018-03-08,https://patents.google.com/patent/AU2016203098B2/en,
US-7625867-B2,BMP-3 propeptides and related methods ,Acceleron Pharma Inc.,"John Knopf, Jabir Seehra",2004-03-26,2005-03-28,2009-12-01,2009-12-01,https://patents.google.com/patent/US7625867B2/en,https://patentimages.storage.googleapis.com/US7625867B2/US07625867-20091201-D00001.png
WO-2013063536-A1,Actriib binding agents and uses thereof ,"Acceleron Pharma, Inc.","Ravindra Kumar, Asya Grinberg, Monique Davies, Diana MARTIK, Janja COSIC, Rachel KENT, David Buckler",2011-10-27,2012-10-27,2013-05-02,,https://patents.google.com/patent/WO2013063536A1/en,
US-10239940-B2,Method of promoting bone growth by an anti-actriia antibody ,Acceleron Pharma Inc.,"John Knopf, Jasbir Seehra",2005-11-23,2016-09-28,2019-03-26,2019-03-26,https://patents.google.com/patent/US10239940B2/en,https://patentimages.storage.googleapis.com/2b/23/3e/5e041696e6ce84/US10239940-20190326-D00001.png
AU-2017200612-B2,Methods for treating fatty liver disease ,Acceleron Pharma Inc.,"Alan Koncarevic, Jennifer Lachey, Jasbir Seehra, Matthew L. Sherman",2009-11-03,2017-01-31,2019-04-18,2019-04-18,https://patents.google.com/patent/AU2017200612B2/en,
