search URL:,https://patents.google.com/?assignee=ACELRX+PHARMACEUTICALS+INC
id,title,assignee,inventor/author,priority date,filing/creation date,publication date,grant date,result link,representative figure link
CA-2636115-C,Drug storage and dispensing devices and systems comprising the same ,"Acelrx Pharmaceuticals, Inc., Andrew I. Poutiatine, Charles Rampersaud, Thomas Schreck, William Kolosi, Sascha Retailleau","Andrew I. Poutiatine, Charles Rampersaud, Thomas Schreck, William Kolosi, Sascha Retailleau",2006-01-06,2007-01-08,2014-06-03,2014-06-03,https://patents.google.com/patent/CA2636115C/en,
EP-2099406-B1,Storage and dispensing devices for administration of oral transmucosal dosage forms ,"Acelrx Pharmaceuticals, Inc.","Andrew I. Poutiatine, Charles Rampersaud, Bruce Edwards, Edmond Chiu, Stelios Tzannis, Pamela Palmer, William Kolosi",2007-01-05,2007-12-28,2014-07-30,2014-07-30,https://patents.google.com/patent/EP2099406B1/en,https://patentimages.storage.googleapis.com/f3/9e/ba/ea6cbdd706254f/imgf0001.png
US-8548623-B2,Storage and dispensing devices for administration of oral transmucosal dosage forms ,"Acelrx Pharmaceuticals, Inc.","Andrew Poutiatine, Bruce Edwards, Charles Rampersaud, Pamela Palmer, Bradley Blackwood, Benjamin K. Yaffe",2009-03-18,2010-03-16,2013-10-01,2013-10-01,https://patents.google.com/patent/US8548623B2/en,https://patentimages.storage.googleapis.com/12/3e/69/92d5c2a4cbbdf1/US08548623-20131001-D00000.png
US-9642996-B2,Methods and apparatus for administering small volume oral transmucosal dosage forms ,"Acelrx Pharmaceuticals, Inc.","Pamela Palmer, Andrew Poutiatine, Charles Rampersaud, Bruce Edwards, Edmond Chiu, Thomas Schreck, Stelios Tzannis, Lawrence Hamel, William Kolosi, Sascha Retailleau",2006-01-06,2014-06-16,2017-05-09,2017-05-09,https://patents.google.com/patent/US9642996B2/en,https://patentimages.storage.googleapis.com/70/c8/f7/5f696fff9e1a8e/US09642996-20170509-D00000.png
US-2007260491-A1,System for delivery and monitoring of administration of controlled substances ,"Pamela Palmer, Thomas Schreck, Poutiatine Andrew I","Pamela Palmer, Thomas Schreck, Andrew Poutiatine",2006-05-08,2006-05-08,2007-11-08,,https://patents.google.com/patent/US20070260491A1/en,https://patentimages.storage.googleapis.com/00/3c/50/fd8270faa6de79/US20070260491A1-20071108-D00001.png
US-8252328-B2,Bioadhesive drug formulations for oral transmucosal delivery ,"Acelrx Pharmaceuticals, Inc.","Stelios Tzannis, Pamela Palmer, Thomas Schreck, Larry Hamel, Andrew I. Poutiatine",2006-01-06,2007-01-05,2012-08-28,2012-08-28,https://patents.google.com/patent/US8252328B2/en,https://patentimages.storage.googleapis.com/5b/56/d7/2d9dc6d6a4b024/US08252328-20120828-D00000.png
US-8252329-B2,Bioadhesive drug formulations for oral transmucosal delivery ,"Acelrx Pharmaceuticals, Inc.","Stelios Tzannis, Larry Hamel, Pamela Palmer, Thomas Schreck, Andrew I. Poutiatine",2007-01-05,2007-07-03,2012-08-28,2012-08-28,https://patents.google.com/patent/US8252329B2/en,https://patentimages.storage.googleapis.com/9f/e5/4d/201552b3cf0a11/US08252329-20120828-D00000.png
US-9289583-B2,Methods for administering small volume oral transmucosal dosage forms using a dispensing device ,"Acelrx Pharmaceuticals, Inc.","Pamela Palmer, Andrew I Poutiatine, Charles Rampersaud, Bruce Edwards, Edmond Chiu, Thomas Schreck, Stelios Tzannis, Larry Hamel",2006-01-06,2007-10-30,2016-03-22,2016-03-22,https://patents.google.com/patent/US9289583B2/en,https://patentimages.storage.googleapis.com/c7/e9/81/86d6f72dad115e/US09289583-20160322-D00000.png
US-2007299687-A1,Inpatient system for patient-controlled delivery of oral transmucosal medications dosed as needed ,"Pamela Palmer, Poutiatine Andrew I, Thomas Schreck","Pamela Palmer, Andrew I. Poutiatine, Thomas Schreck",2006-06-23,2006-06-23,2007-12-27,,https://patents.google.com/patent/US20070299687A1/en,https://patentimages.storage.googleapis.com/US20070299687A1/US20070299687A1-20071227-D00000.png
US-2009131479-A1,Small-volume oral transmucosal dosage ,"Acelrx Pharmaceuticals, Inc.","Pamela Palmer, Thomas Schreck, Stelios Tzannis, Larry Hamel, Andrew I. Poutiatine",2006-01-06,2007-10-11,2009-05-21,,https://patents.google.com/patent/US20090131479A1/en,
US-2008268023-A1,Small volume oral transmucosal dosage forms containing sufentanil for treatment of pain ,"Acelrx Pharmaceuticals, Inc.","Pamela Palmer, Thomas Schreck, Stelios Tzannis, Larry Hamel, Andrew I. Poutiatine, Charles Rampersaud, Bruce Edwards",2006-01-06,2007-11-14,2008-10-30,,https://patents.google.com/patent/US20080268023A1/en,
ES-2635137-T3,Transmucosal oral dosage forms comprising sufentanil and triazolam that ,"Acelrx Pharmaceuticals, Inc.","Pamela Palmer, Stelios Tzannis, Thomas Schreck",2007-08-07,2008-08-07,2017-10-02,2017-10-02,https://patents.google.com/patent/ES2635137T3/en,
US-8535714-B2,Small volume oral transmucosal dosage forms containing sufentanil for treatment of pain ,"Acelrx Pharmaceuticals, Inc.","Pamela Palmer, Thomas Schreck, Lawrence Hamel, Stelio Tzannis, Andrew Poutiatine",2006-01-06,2011-10-18,2013-09-17,2013-09-17,https://patents.google.com/patent/US8535714B2/en,https://patentimages.storage.googleapis.com/82/5b/54/a639249043b727/US08535714-20130917-D00000.png
US-2011288128-A1,Oral Transmucosal Administration of Sufentanil ,"Acelrx Pharmaceuticals, Inc.","Pamela Palmer, Shamim Pushpala, Evangeline Cruz, Larry Hamel, Linda Judge",2010-05-21,2010-05-21,2011-11-24,,https://patents.google.com/patent/US20110288128A1/en,https://patentimages.storage.googleapis.com/dd/ae/95/afcd3c28154207/US20110288128A1-20111124-D00001.png
US-2011091544-A1,"Compositions and Methods for Mild Sedation, Anxiolysis and Analgesia in the Procedural Setting ","Acelrx Pharmaceuticals, Inc.",Pamela Palmer,2009-10-16,2009-10-16,2011-04-21,,https://patents.google.com/patent/US20110091544A1/en,https://patentimages.storage.googleapis.com/b6/af/6c/119af4b9cc679b/US20110091544A1-20110421-D00001.png
CN-101378732-A,Bioadhesive drug formulations for oral transmucosal delivery ,阿塞尔Rx制药有限公司,"安德鲁·I·普替亚延, 帕米拉·帕尔梅, 托马斯·斯科瑞克, 拉利·海梅尔, 斯泰里奥斯·查尼斯",2006-01-06,2007-01-08,2009-03-04,,https://patents.google.com/patent/CN101378732A/en,
EP-2367537-B1,Sufentanil solid dosage forms comprising oxygen scavengers and methods of using the same ,"Acelrx Pharmaceuticals, Inc.","Shamim Pushpala, Larry Hamel, Stelios Tzannis, Evangeline Cruz",2008-11-21,2009-11-12,2012-10-17,2012-10-17,https://patents.google.com/patent/EP2367537B1/en,https://patentimages.storage.googleapis.com/6a/83/b4/5491547618d9b8/imgf0001.png
CA-2673837-C,Storage and dispensing devices for administration of oral transmucosal dosage forms ,"Acelrx Pharmaceuticals, Inc., Pamela Palmer, Andrew I. Poutiatine, Charles Rampersaud, Bruce Edwards, Edmond Chiu, Thomas Schreck, Stelios Tzannis, Larry Hamel","Pamela Palmer, Andrew I. Poutiatine, Charles Rampersaud, Bruce Edwards, Edmond Chiu, Thomas Schreck, Stelios Tzannis, Larry Hamel",2007-01-05,2007-12-28,2015-11-24,2015-11-24,https://patents.google.com/patent/CA2673837C/en,
US-2016175533-A1,"Systems, devices and methods for dispensing oral transmucosal dosage forms ","Acelrx Pharmaceuticals, Inc.","Edmond Chiu, Casidy Domingo",2014-12-23,2015-12-22,2016-06-23,,https://patents.google.com/patent/US20160175533A1/en,https://patentimages.storage.googleapis.com/5e/50/b5/9c2baa73abb707/US20160175533A1-20160623-D00000.png
ES-2348688-T3,"Dosificaciã forms ""oral transmucosal n of pequeã'o volume containing sufentanil for the treatment of pain. ","Acelrx Pharmaceuticals, Inc.","Bruce Edwards, Larry Hamel, Pamela Palmer, Andrew I. Poutiatine, Charles Rampersaud, Thomas Schreck, Stelios Tzannis",2007-01-05,2007-12-28,2010-12-10,2010-12-10,https://patents.google.com/patent/ES2348688T3/en,
US-2018243169-A1,Apparatus and methods for dispensing oral transmucosal dosage forms ,"Acelrx Pharmaceuticals, Inc.","Casidy Domingo, Edmond Chiu, Bradley Blackwood",2015-10-30,2018-04-27,2018-08-30,,https://patents.google.com/patent/US20180243169A1/en,https://patentimages.storage.googleapis.com/ac/aa/f8/68ee79c918268f/US20180243169A1-20180830-D00000.png
HK-1204546-A1,Storage and dispensing devices for adminsistration of oral transmucosal dosage forms ,Acelrx Pharmaceuticals Inc,"Andrew I Poutiatine, Charles Rampersaud, Bruce Edwards, Edmond Chiu, Stelios Tzannis, Pamela Palmer, William Kolosi",2007-01-05,2015-05-29,2015-11-27,,https://patents.google.com/patent/HK1204546A1/en,
MX-2012004467-A,"Compositions and methods for mild sedation, anxiolysis and analgesia in the procedural setting. ",Acelrx Pharmaceuticals Inc,Pamela Palmer,1991-10-16,2010-10-14,2012-08-15,,https://patents.google.com/patent/MX2012004467A/en,
