search URL:,https://patents.google.com/?assignee=ACLARIS+THERAPEUTICS+INC
id,title,assignee,inventor/author,priority date,filing/creation date,publication date,grant date,result link,representative figure link
US-7381427-B2,Seborrheic keratosis treatment ,Mickey Miller,"Margaret Ancira, Mickey Miller",2001-02-09,2003-10-09,2008-06-03,2008-06-03,https://patents.google.com/patent/US7381427B2/en,https://patentimages.storage.googleapis.com/US7381427B2/US07381427-20080603-D00001.png
EP-2818184-B1,Compositions and methods for treating Purpura ,"Allergan, Inc.","Stuart D. Shanler, Andrew Ondo",2007-11-16,2008-11-17,2018-10-31,2018-10-31,https://patents.google.com/patent/EP2818184B1/en,
US-8883838-B2,Pharmaceutical cream compositions and methods of use ,"Allergan, Inc.","Stuart D. Shanler, Christopher Powala, Luis Rios",2010-12-03,2011-12-01,2014-11-11,2014-11-11,https://patents.google.com/patent/US8883838B2/en,https://patentimages.storage.googleapis.com/32/cf/2f/f5588e43486ba0/US08883838-20141111-D00001.png
US-9695200-B2,Heterocyclic ITK inhibitors for treating inflammation and cancer ,"Confluence Life Sciences, Inc.","Eric Jon Jacobsen, James Robert Blinn, John Robert Springer, Susan L. Hockerman",2015-01-23,2016-01-25,2017-07-04,2017-07-04,https://patents.google.com/patent/US9695200B2/en,
US-7138146-B2,Acrochordon alleviation ,"Mickey Miller, Margaret Ancira","Mickey Miller, Margaret Ancira",2001-02-09,2002-02-08,2006-11-21,2006-11-21,https://patents.google.com/patent/US7138146B2/en,
AU-2017202726-B2,Pharmaceutical cream compositions of oxymetazoline for treating symptoms of rosacea ,"Aclaris Therapeutics, Inc.","Christopher Powala, Stuart D. Shanler",2011-02-15,2017-04-26,2019-03-07,2019-03-07,https://patents.google.com/patent/AU2017202726B2/en,
US-2013079379-A1,Gel compositions of oxymetazoline and methods of use ,"Allergan, Inc.","Stuart D. Shanler, Christopher Powala, Marc Barry Brown, Sian Tiong Lim, Charles Rodney Greenaway Evans",2011-07-14,2012-07-12,2013-03-28,,https://patents.google.com/patent/US20130079379A1/en,https://patentimages.storage.googleapis.com/28/a5/9e/a9822064fb69b7/US20130079379A1-20130328-D00001.png
US-9145393-B2,Arylpyridinone ITK inhibitors for treating inflammation and cancer ,"Confluence Life Sciences, Inc.","Eric Jon Jacobsen, James Robert Blinn",2014-01-24,2015-01-23,2015-09-29,2015-09-29,https://patents.google.com/patent/US9145393B2/en,
US-9365547-B2,Substituted pyridinone-pyridinyl compounds ,Confluence Life Sciences Inc.,"Shaun R. Selness, Joseph B. Monahan, John F. Schindler, Balekudru Devadas",2010-12-06,2014-01-07,2016-06-14,2016-06-14,https://patents.google.com/patent/US9365547B2/en,
US-9056110-B2,Substituted pyrimidinone-phenyl-pyrimidinyl compounds ,"Confluence Life Sciences, Inc.","Shaun R. Selness, Balekudru Devadas, Susan L. Hockerman, Joseph B. Monahan",2011-12-06,2012-12-06,2015-06-16,2015-06-16,https://patents.google.com/patent/US9056110B2/en,
US-9980983-B2,Peroxide formulations and methods and applicators for using the same ,"Aclaris Therapeutics, Inc.","Stuart D. Shanler, Christopher Powala, Christopher Phillips, Brian BEGER, Charles Rodney Greenaway Evans, Sian Tiong Lim, Marc Barry Brown, Michael A. Botta, Thomas Nagler",2014-04-21,2017-05-10,2018-05-29,2018-05-29,https://patents.google.com/patent/US9980983B2/en,https://patentimages.storage.googleapis.com/12/6e/d4/142312f4c2d095/US09980983-20180529-D00001.png
US-9499551-B2,"Substituted pyrrolo[2,3-b]pyridines for treating cancer or inflammatory diseases ","Confluence Life Sciences, Inc.","Eric Jon Jacobsen, James Robert Blinn, John Robert Springer, Susan L. Hockerman",2014-01-24,2015-01-23,2016-11-22,2016-11-22,https://patents.google.com/patent/US9499551B2/en,
US-9505765-B2,4-alkoxy/aralkoxy-5-substituted-pyrrolopyrimidine compounds as TAK1 inhibitors in disease treatment ,Confluence Life Sciences Inc.,"Eric Jonathan Jacobsen, John Robert Springer, James Robert Blinn, Balekudru Devadas",2012-07-26,2013-07-26,2016-11-29,2016-11-29,https://patents.google.com/patent/US9505765B2/en,
US-9115089-B2,Methyl/fluoro-pyridinyl-methoxy substituted pyridinone-pyridinyl compounds and fluoro-pyrimidinyl-methoxy substituted pyridinone-pyridinyl compounds ,"Confluence Life Sciences, Inc.","Susan L. Hockerman, Joseph B. Monahan, Shaun R. Selness",2013-06-07,2014-06-06,2015-08-25,2015-08-25,https://patents.google.com/patent/US9115089B2/en,
US-8563558-B2,Substituted pyridine urea compounds ,"Confluence Life Sciences, Inc.","Shaun R. Selness, Joseph B. Monahan, John F. Schindler, Balekudru Devadas, Susan L. Hockerman",2010-12-06,2011-12-06,2013-10-22,2013-10-22,https://patents.google.com/patent/US8563558B2/en,
US-2017143706-A1,Selective kinase inhibitors ,"Aclaris Therapeutics, Inc.",Haiching MA,2015-11-24,2016-11-23,2017-05-25,,https://patents.google.com/patent/US20170143706A1/en,https://patentimages.storage.googleapis.com/e3/a7/4b/ce6761bfd5b596/US20170143706A1-20170525-D00001.png
AU-2007203283-B2,Acrochordon alleviation ,"Aclaris Therapeutics, Inc.","Margaret Ancira, Mickey Miller",2001-02-09,2007-07-16,2010-09-23,2010-09-23,https://patents.google.com/patent/AU2007203283B2/en,
US-9801857-B2,Stabilized oxymetazoline formulations and their uses ,"Allergan, Inc.","Pramod Sarpotdar, Kevin Warner, Steven Zhang, Gurpreet Ahluwalia, Amy Kuang",2014-06-11,2015-06-11,2017-10-31,2017-10-31,https://patents.google.com/patent/US9801857B2/en,https://patentimages.storage.googleapis.com/99/41/cd/de2d32660e38d3/US09801857-20171031-D00001.png
US-9359300-B2,"Methyl/difluorophenyl-methoxy substituted pyridinone-pyridinyl compounds, methyl-pyridinyl-methoxy substituted pyridinone-pyridinyl compounds, and methyl-pyrimidinyl-methoxy substituted pyridinone-pyridinyl compounds ","Confluence Life Sciences, Inc.","Shaun R. Selness, Joseph B. Monahan, John F. Schindler, Balekudru Devadas, Susan L. Hockerman",2010-12-06,2013-06-07,2016-06-07,2016-06-07,https://patents.google.com/patent/US9359300B2/en,
US-8507499-B2,Substituted indole/indazole-pyrimidinyl compounds ,"Confluence Life Sciences, Inc.","Shaun R. Selness, Joseph B. Monahan, John F. Schindler, Balekudru Devadas",2010-12-06,2011-12-06,2013-08-13,2013-08-13,https://patents.google.com/patent/US8507499B2/en,
US-2019060311-A1,Compositions and methods for treatment of vitiligo ,"Aclaris Therapeutics, Inc.","Stuart D. Shanler, Evan DICK, Neal Stuart WALKER, Christopher Powala",2017-08-24,2018-08-23,2019-02-28,,https://patents.google.com/patent/US20190060311A1/en,https://patentimages.storage.googleapis.com/de/63/27/822a097e5e6e2e/US20190060311A1-20190228-D00000.png
US-2018050009-A1,Methods and compositions for the treatment of warts ,"Aclaris Therapeutics, Inc.","Stuart D. Shanler, Christopher Powala, Christopher Phillips, Brian BEGER, Charles Rodney Greenaway Evans, Sian Tiong Lim, Marc Barry Brown",2016-08-17,2017-08-17,2018-02-22,,https://patents.google.com/patent/US20180050009A1/en,https://patentimages.storage.googleapis.com/58/a6/c6/8128b7964a00b3/US20180050009A1-20180222-D00000.png
US-2019167566-A1,Pharmaceutical cream compositions of oxymetazoline and methods of use ,"Aclaris Therapeutics, Inc.","Stuart D. Shanler, Christopher Powala",,2019-02-05,2019-06-06,,https://patents.google.com/patent/US20190167566A1/en,https://patentimages.storage.googleapis.com/92/69/bb/3bd3f18ebcdd5e/US20190167566A1-20190606-D00001.png
US-2015328227-A1,Arylpyridinone itk inhibitors for treating inflammation and cancer ,"Confluence Life Sciences, Inc.","Eric Jon Jacobsen, James Robert Blinn",2014-01-24,2015-07-22,2015-11-19,,https://patents.google.com/patent/US20150328227A1/en,
WO-2019090143-A1,"Pyrazolyl pyrrolo[2,3-b]pyrimidine-5-carboxylate analogs and methods of making the same ","Aclaris Therapeutics, Inc.","David Randolph ANDERSON, Susan Landis Hockerman, James Robert Blinn, Eric Jon Jacobsen",2017-11-03,2018-11-02,2019-05-09,,https://patents.google.com/patent/WO2019090143A1/en,
US-2018208594-A1,Pyrrolopyrimidine itk inhibitors for treating inflammation and cancer ,"Eric Jon Jacobsen, James Robert Blinn, John Robert Springer, Susan L. Hockerman, David Randolph Anderson","Eric Jon Jacobsen, James Robert Blinn, John Robert Springer, Susan L. Hockerman, David Randolph Anderson",2017-01-25,2018-01-25,2018-07-26,,https://patents.google.com/patent/US20180208594A1/en,
US-2019135808-A1,Substituted pyrrolopyridine jak inhibitors and methods of making and using the same ,"Aclaris Therapeutics, Inc.","David Randolph Anderson, Susan Landis Hockerman, James Robert Blinn, Eric Jon Jacobsen",2017-11-03,2018-11-02,2019-05-09,,https://patents.google.com/patent/US20190135808A1/en,
