search URL:,https://patents.google.com/?assignee=ADAMS+RESPIRATORY+THERAPEUTICS+INC
id,title,assignee,inventor/author,priority date,filing/creation date,publication date,grant date,result link,representative figure link
US-7985421-B2,Sustained release formulations of guaifenesin and additional drug ingredients ,Reckitt Benckiser Inc.,"Robert D. Davis, Ralph W. Blume, Donald Jeffrey Keyser",2000-04-28,2005-06-22,2011-07-26,2011-07-26,https://patents.google.com/patent/US7985421B2/en,https://patentimages.storage.googleapis.com/ec/7f/f8/57242a390424b8/US07985421-20110726-D00001.png
US-6372252-B1,Guaifenesin sustained release formulation and tablets ,"Adams Laboratories, Inc.","Ralph W. Blume, Robert D. Davis, Donald Jeffrey Keyser",2000-04-28,2000-04-28,2002-04-16,2002-04-16,https://patents.google.com/patent/US6372252B1/en,https://patentimages.storage.googleapis.com/6a/01/9e/a44531bd66c459/US06372252-20020416-D00000.png
US-2003215508-A1,Sustained release of guaifenesin combination drugs ,"Davis Robert D., Blume Ralph W., Keyser Donald Jeffrey","Robert Davis, Ralph Blume, Donald Keyser",2000-04-28,2003-04-15,2003-11-20,,https://patents.google.com/patent/US20030215508A1/en,https://patentimages.storage.googleapis.com/13/db/f7/dc0da7c341fb99/US20030215508A1-20031120-D00001.png
AU-2001255680-A1,Guaifenesin sustained release formulation and tablets ,Rb Health (Us) Llc,"Ralph W. Blume, Robert D. Davis, Donald J. Keyser",2000-04-28,2001-04-26,2002-01-31,,https://patents.google.com/patent/AU2001255680A1/en,
AU-2003237807-B2,Sustained release of guaifenesin combination drugs ,Rb Health (Us) Llc,"Ralph W. Blume, Robert D. Davis, Donald Jeffrey Keyser",2002-04-15,2003-04-15,2008-10-23,2008-10-23,https://patents.google.com/patent/AU2003237807B2/en,
US-7838032-B2,Sustained release of guaifenesin ,Reckitt Benckiser Inc.,"Robert D. Davis, Ralph W. Blume, Donald Jeffrey Keyser",2000-04-28,2003-04-04,2010-11-23,2010-11-23,https://patents.google.com/patent/US7838032B2/en,https://patentimages.storage.googleapis.com/48/21/81/a00ccff100dd7a/US07838032-20101123-D00001.png
US-7985420-B2,Sustained release of guaifenesin combination drugs ,Reckitt Benckiser Inc.,"Robert D. Davis, Ralph W. Blume, Donald Jeffrey Keyser",2000-04-28,2003-04-04,2011-07-26,2011-07-26,https://patents.google.com/patent/US7985420B2/en,https://patentimages.storage.googleapis.com/8c/07/0d/b9d1f374ffbd4f/US07985420-20110726-D00001.png
