search URL:,https://patents.google.com/?assignee=ADAMIS+PHARMACEUTICALS+CORP
id,title,assignee,inventor/author,priority date,filing/creation date,publication date,grant date,result link,representative figure link
US-5655523-A,Dry powder inhalation device having deagglomeration/aerosolization structure responsive to patient inhalation ,Minnesota Mining And Manufacturing Company,"Peter David Hodson, David Keith Smith, Anthony Charles Lammond Wass",1989-04-28,1995-05-22,1997-08-12,1997-08-12,https://patents.google.com/patent/US5655523A/en,https://patentimages.storage.googleapis.com/20/0c/06/d0c3c1331c6978/US5655523-drawings-page-2.png
US-5619984-A,Dry powder inhalation device having a powder-loaded elongate carrier ,Astra Aktiebolag,"Peter D. Hodson, David K. Smith, David J. Velasquez, Anthony C. L. Wass",1989-04-28,1995-05-08,1997-04-15,1997-04-15,https://patents.google.com/patent/US5619984A/en,https://patentimages.storage.googleapis.com/10/f3/f7/03e610252cbfe2/US5619984-drawings-page-2.png
US-5482032-A,Dry powder inhalers ,Astra Aktiebolag,"David K. Smith, Peter D. Hodson, Anthony C. L. Wass",1993-07-14,1994-07-12,1996-01-09,1996-01-09,https://patents.google.com/patent/US5482032A/en,https://patentimages.storage.googleapis.com/1d/85/07/0fc094ec4955d4/US5482032-drawings-page-2.png
EP-2432535-B1,Dry powder inhalers ,Adamis Pharmaceuticals Corporation,"Peter D. Hodson, Stephen W. Stein, Herbert C. Chiou, Zhaolin Wang, Thomas S. Robison, Michael K. Domroese, Blake D. Walburg",2009-05-18,2010-05-18,2017-09-20,2017-09-20,https://patents.google.com/patent/EP2432535B1/en,https://patentimages.storage.googleapis.com/0b/65/d0/a87422d807ddc1/imgf0001.png
US-6102179-A,Device for transmission of one-way torque ,Astra Aktiebolag,"Peter D. Hodson, Stephen J. Howgill, Anthony C. L. Wass",1993-11-26,1997-05-05,2000-08-15,2000-08-15,https://patents.google.com/patent/US6102179A/en,https://patentimages.storage.googleapis.com/43/e8/6b/5b4f1c7e0eba5e/US6102179-drawings-page-2.png
AU-2007230711-B2,Powder filling processes ,Adamis Pharmaceuticals Corporation,"Peter D. Hodson, Matthew J. Wilby",2006-03-23,2007-03-22,2012-05-03,2012-05-03,https://patents.google.com/patent/AU2007230711B2/en,
EP-2432534-B1,Dry powder inhaler dose counters ,Adamis Pharmaceuticals Corporation,"Bryan E.  Rolfs, Benjamin L.  Rush, Jonathan D.  Toback, Peter D.  Hodson, Stephen W.  Stein, Michael K.  Domroese",2009-05-18,2010-05-17,2018-01-17,2018-01-17,https://patents.google.com/patent/EP2432534B1/en,https://patentimages.storage.googleapis.com/a3/e0/01/e74aaa594cab16/imgf0001.png
US-D635660-S,Inhalation device ,3M Innovative Properties Company,John S. White,2009-11-18,2010-05-04,2011-04-05,2011-04-05,https://patents.google.com/patent/USD635660S1/en,https://patentimages.storage.googleapis.com/45/87/d8/b82ff8eb71cb2c/USD0635660-20110405-D00000.png
US-D636485-S,Inhaler ,3M Innovative Properties Company,"John S. White, Bryan E. Rolfs, Benjamin L. Rush",2009-11-18,2010-05-04,2011-04-19,2011-04-19,https://patents.google.com/patent/USD636485S1/en,https://patentimages.storage.googleapis.com/7a/59/63/cc72b1b410d194/USD0636485-20110419-D00000.png
AU-2016331784-B2,Powder mixing apparatus and method of use ,Adamis Pharmaceuticals Corporation,"Herbert C. Chiou, Michael W. Mueting, James S. Stefely, Stephen W. Stein",2015-10-02,2016-09-29,2019-04-18,2019-04-18,https://patents.google.com/patent/AU2016331784B2/en,
EP-2874928-B1,Powder feeding apparatus ,Adamis Pharmaceuticals Corporation,"John K. Simons, Zhaolin Wang",2012-07-19,2013-07-02,2016-06-15,2016-06-15,https://patents.google.com/patent/EP2874928B1/en,https://patentimages.storage.googleapis.com/69/b3/ac/790941f9043406/imgf0001.png
US-D799202-S,Case ,Adamis Pharmaceuticals Corporation,"Bryan E. Rolfs, Marty Ma",2015-08-24,2017-01-25,2017-10-10,2017-10-10,https://patents.google.com/patent/USD799202S1/en,https://patentimages.storage.googleapis.com/7e/74/62/deaa75ef6716ba/USD0799202-20171010-D00000.png
US-10137111-B2,Drug compositions comprising an anti-parasitic and proton pump inhibitor ,Adamis Pharmaceuticals Corporation,"David Clayton Sutherland, James Kyle Zorn, Dennis J. Carlo",2016-08-11,2017-08-11,2018-11-27,2018-11-27,https://patents.google.com/patent/US10137111B2/en,https://patentimages.storage.googleapis.com/84/3b/47/dbd0abf6411996/US10137111-20181127-D00001.png
US-D830540-S,Syringe ,Adamis Pharmaceuticals Corporation,"Bryan E. Rolfs, James Shoemaker",2015-08-24,2015-08-24,2018-10-09,2018-10-09,https://patents.google.com/patent/USD830540S1/en,https://patentimages.storage.googleapis.com/55/45/d7/dcc777c492a10f/USD0830540-20181009-D00000.png
AU-2016313110-B2,Syringe devices ,Adamis Pharmaceuticals Corporation,"Karen K. Daniels, Mark J. Flather, Thomas Moll, Bryan E. Rolfs",2015-08-24,2016-03-17,2019-04-04,2019-04-04,https://patents.google.com/patent/AU2016313110B2/en,
US-D673260-S,Inhalation device ,3M Innovative Properties Company,"John S. White, Bryan E. Rolfs, Benjamin L. Rush",2009-11-18,2010-05-04,2012-12-25,2012-12-25,https://patents.google.com/patent/USD673260S1/en,https://patentimages.storage.googleapis.com/49/ca/fe/c88c453d7eb887/USD0673260-20121225-D00000.png
ES-2586429-T3,Powder filling process ,Adamis Pharmaceuticals Corporation,"Peter D. Hodson, Matthew J. Wilby",2006-03-23,2007-03-22,2016-10-14,2016-10-14,https://patents.google.com/patent/ES2586429T3/en,
AU-2019203244-A1,Syringe devices ,Adamis Pharmaceuticals Corporation,"Karen K. Daniels, Mark J. Flather, Thomas Moll, Bryan E. Rolfs",2015-08-24,2019-05-09,2019-05-30,,https://patents.google.com/patent/AU2019203244A1/en,
WO-2018213629-A1,Drug compositions ,Adamis Pharmaceuticals Corporation,Dennis J. Carlo,2017-05-18,2018-05-17,2018-11-22,,https://patents.google.com/patent/WO2018213629A1/en,
