search URL:,https://patents.google.com/?assignee=ADAMAS+PHARMACEUTICALS+INC
id,title,assignee,inventor/author,priority date,filing/creation date,publication date,grant date,result link,representative figure link
US-8058291-B2,Methods and compositions for the treatment of CNS-related conditions ,"Adamas Pharmaceuticals, Inc.","Gregory T. Went, Timothy J. Fultz",2005-04-06,2006-04-06,2011-11-15,2011-11-15,https://patents.google.com/patent/US8058291B2/en,https://patentimages.storage.googleapis.com/bc/97/43/5991119cd0a030/US08058291-20111115-D00001.png
US-8173708-B2,Method and composition for administering an NMDA receptor antagonist to a subject ,"Adamas Pharmaceuticals, Inc.","Gregory T. Went, Timothy J. Fultz, Laurence R. Meyerson",2004-11-23,2010-04-09,2012-05-08,2012-05-08,https://patents.google.com/patent/US8173708B2/en,https://patentimages.storage.googleapis.com/9c/21/5c/a34f017b01a7dc/US08173708-20120508-D00001.png
US-6620845-B2,Aminoadamantane derivatives as therapeutic agents ,"Neuromolecular, Inc.","Yuqiang Wang, Wenqing Ye, James W. Larrick, Jonathan S. Stemler, Stuart A. Lipton",2000-02-22,2002-07-19,2003-09-16,2003-09-16,https://patents.google.com/patent/US6620845B2/en,https://patentimages.storage.googleapis.com/aa/7e/5e/19f0ca8622a166/US06620845-20030916-D00001.png
US-2010292216-A1,Methods and Compositions for the Treatment of Psychiatric Conditions ,"Adamas Pharmaceuticals, Inc.","Laurence R. Meyerson, Gregory T. Went, Timothy J. Fultz",2004-02-13,2009-11-16,2010-11-18,,https://patents.google.com/patent/US20100292216A1/en,https://patentimages.storage.googleapis.com/ed/60/1e/15275b73eeb224/US20100292216A1-20101118-D00001.png
US-2010137448-A1,Methods for Treating Neuropsychiatric Disorders with NMDA Receptor Antagonists ,"Lipton Stuart A, Gregory Went","Stuart A. Lipton, Gregory Went",2000-12-07,2009-07-16,2010-06-03,,https://patents.google.com/patent/US20100137448A1/en,https://patentimages.storage.googleapis.com/ac/ff/77/75eca2d8090e7f/US20100137448A1-20100603-D00000.png
US-8889740-B1,Composition and method for treating neurological disease ,"Adamas Pharmaceuticals, Inc.","Gregory T. Went, Timothy J. Fultz, Seth Porter, Laurence R. Meyerson, Timothy S. Burkoth",2004-11-24,2014-08-04,2014-11-18,2014-11-18,https://patents.google.com/patent/US8889740B1/en,https://patentimages.storage.googleapis.com/ef/b6/36/cc6970c6b0ef12/US08889740-20141118-D00001.png
CA-2588295-C,Method and composition for administering an nmda receptor antagonist to a subject ,"Neuromolecular Pharmaceuticals, Inc., Gregory T. Went, Timothy J. Fultz, Seth Porter, Laurence R. Meyerson, Timothy Burkoth, Neuromolecular, Inc., Adamas Pharmaceuticals, Inc.","Gregory T. Went, Timothy J. Fultz, Seth Porter, Laurence R. Meyerson, Timothy Burkoth",2004-11-23,2005-11-22,2013-10-22,2013-10-22,https://patents.google.com/patent/CA2588295C/en,
CA-2554959-A1,Combination of a nmda receptor antagonist and a mao-inhibitor or a gadpf-inhibitor for the treatment of central nervous system-related conditions ,"Neuromolecular, Inc., Gregory T. Went, Lawrence Meyerson, Timothy J. Fultz, Neuromolecular Pharmaceuticals, Inc., Adamas Pharmaceuticals, Inc.","Gregory T. Went, Lawrence Meyerson, Timothy J. Fultz",2004-01-29,2005-01-31,2005-08-11,,https://patents.google.com/patent/CA2554959A1/en,
AU-2005215767-A1,Combination of an NMDA receptor antagonist and an anti-epileptic drug for the treatment of epilepsy and other CNS disorders ,"Adamas Pharmaceuticals, Inc.","Timothy J. Fultz, Lawrence Meyerson, Gregory Went",2004-02-13,2005-02-14,2005-09-01,,https://patents.google.com/patent/AU2005215767A1/en,
US-2008089861-A1,Combination therapy for treatment of demyelinating conditions ,"Went Gregory T, Ivan Lieberburg","Gregory Went, Ivan Lieberburg",2006-07-10,2007-07-10,2008-04-17,,https://patents.google.com/patent/US20080089861A1/en,
CA-2436311-A1,Methods for treating neuropsychiatric disorders with nmda receptor antagonists ,"Neuromolecular Inc., Stuart Lipton M.D., Neuromolecular Pharmaceuticals, Inc., Adamas Pharmaceuticals, Inc.",Stuart Lipton M.D.,2000-12-07,2001-12-07,2002-06-13,,https://patents.google.com/patent/CA2436311A1/en,
US-2011230432-A1,Compositions and kits for treating influenza ,"Adamas Pharmaceuticals, Inc.","Jack Nguyen, Gregory T. Went, Paul Spence, Timothy J. Fultz, David Chernoff",2007-03-13,2011-05-26,2011-09-22,,https://patents.google.com/patent/US20110230432A1/en,https://patentimages.storage.googleapis.com/f3/cb/c2/29f6e9f45cc21c/US20110230432A1-20110922-D00001.png
CA-2520423-A1,Treatment of demyelinating conditions ,"Neuromolecular, Inc., Stuart Lipton, Greg Went, Lawrence Meyerson, Neuromolecular Pharmaceuticals, Inc., Adamas Pharmaceuticals, Inc.","Stuart Lipton, Greg Went, Lawrence Meyerson",2003-03-27,2004-03-29,2004-10-14,,https://patents.google.com/patent/CA2520423A1/en,
US-9867792-B2,Method of administering amantadine prior to a sleep period ,"Adamas Pharma, Llc","Gregory T. Went, Gayatri Sathyan, Kavita Vermani, Gangadhara Ganapati, Michael Coffee, Efraim Shek, Ashok Katdare",2009-12-02,2017-02-09,2018-01-16,2018-01-16,https://patents.google.com/patent/US9867792B2/en,https://patentimages.storage.googleapis.com/dc/32/1d/69913c8fe3836a/US09867792-20180116-D00001.png
WO-2007136737-A1,Methods and compositions for the treatment of viral infections ,"Adamas Pharmaceuticals, Inc.","Gregory Went, David Chernoff, Paul Spence, Terry Burkoth, Timothy Fultz",2006-05-19,2007-05-18,2007-11-29,,https://patents.google.com/patent/WO2007136737A1/en,
US-2008279819-A1,Combinations Therapy for Treatment of Demyelinating Conditions ,"Adamas Pharmaceuticals, Inc.","Gregory T. Went, Timothy J. Fultz, Laurence R. Meyerson, David Chernoff",2005-02-15,2006-02-15,2008-11-13,,https://patents.google.com/patent/US20080279819A1/en,https://patentimages.storage.googleapis.com/US20080279819A1/US20080279819A1-20081113-D00000.png
US-10154971-B2,Methods of administering amantadine ,"Adamas Pharma, Llc","Gregory T. Went, Timothy J. Fultz, Natalie McClure",2013-06-17,2014-06-17,2018-12-18,2018-12-18,https://patents.google.com/patent/US10154971B2/en,https://patentimages.storage.googleapis.com/ca/19/ca/9607a04eef6283/US10154971-20181218-D00001.png
US-2007208041-A1,Compositions for the treatment and prevention of heart disease and methods of using same ,"Stamler Jonathan S, Went Gregory T","Jonathan Stamler, Gregory Went",2005-10-13,2006-10-13,2007-09-06,,https://patents.google.com/patent/US20070208041A1/en,
US-2009326978-A1,Emergency Preparations for an Epidemic ,"Fultz Timothy J, Went Gregory T, Jack Nguyen, Paul Spence, David Chernoff, Burkoth Terry L, Rowan Chapman, Urdea Mickey S","Timothy J. Fultz, Gregory T. Went, Jack Nguyen, Paul Spence, David Chernoff, Terry L. Burkoth, Rowan Chapman, Mickey S. Urdea",2008-06-30,2009-06-30,2009-12-31,,https://patents.google.com/patent/US20090326978A1/en,https://patentimages.storage.googleapis.com/US20090326978A1/US20090326978A1-20091231-D00000.png
ES-2351709-T3,Method and compositions for the treatment of disorders of nervous system. ,"Adamas Pharmaceuticals, Inc.","Timothy J. Fultz, Gregory T. Went",2005-04-06,2006-04-06,2011-02-09,2011-02-09,https://patents.google.com/patent/ES2351709T3/en,
WO-2009091932-A2,Treatment of mild dementia of the alzheimer's disease type ,"Adamas Pharmaceuticals, Inc.","Paul Spence, Gregory T. Went, Timothy J. Fultz",2008-01-18,2009-01-15,2009-07-23,,https://patents.google.com/patent/WO2009091932A2/en,
AU-2015202356-B2,Amantadine compositions and methods of use ,"Adamas Pharmaceuticals, Inc.","Michael Coffee, Gangadhara Ganapati, Ashok Katdare, Gayatri Sathyan, Efraim Shek, Kavita Vermani, Greg Went",2009-12-02,2015-05-05,2017-02-23,2017-02-23,https://patents.google.com/patent/AU2015202356B2/en,
AU-2007203426-B8,Methods for treating neuropsychiatric disorders with NMDA receptor antagonists ,"Adamas Pharmaceuticals, Inc.",Stuart Lipton M.D.,2000-12-07,2007-07-23,2010-10-07,2010-10-07,https://patents.google.com/patent/AU2007203426B8/en,
US-2017189342-A1,Methods and Compositions for the Treatment of Seizure-Related Disorders ,"Adamas Pharmaceuticals, Inc.","Jack Nguyen, David Chernoff, Sangita GHOSH, Gregory T. Went, Timothy J. Fultz",2015-12-30,2016-12-30,2017-07-06,,https://patents.google.com/patent/US20170189342A1/en,https://patentimages.storage.googleapis.com/26/ff/81/e3a8f72cceeda1/US20170189342A1-20170706-D00001.png
US-2016228388-A1,Methods of administering amantadine compositions ,"Adamas Pharmaceuticals, Inc.","Gregory T. Went, Timothy J. Fultz, Jack Nguyen, David Chernoff",2014-11-04,2015-11-03,2016-08-11,,https://patents.google.com/patent/US20160228388A1/en,https://patentimages.storage.googleapis.com/10/3e/d0/8ae30d7ff3a36f/US20160228388A1-20160811-D00001.png
WO-2010062996-A2,Ribavirin composition ,"Adamas Pharmaceuticals, Inc.","Ashok Katdare, Kavita Vermani",2008-11-28,2009-11-25,2010-06-03,,https://patents.google.com/patent/WO2010062996A2/en,
HK-1103517-A1,Pharmaceutical composition comprising memantine in an extended dosage release form for use in the treatment of dementias ,Adamas Pharmaceuticals Inc,"Gregory T Went, Timothy J Fultz, Seth Porter, Laurence R Meyerson, Timothy Burkoth",2004-11-23,2007-11-07,2013-11-22,,https://patents.google.com/patent/HK1103517A1/en,
