search URL:,https://patents.google.com/?assignee=AIMMUNE+THERAPEUTICS+INC
id,title,assignee,inventor/author,priority date,filing/creation date,publication date,grant date,result link,representative figure link
US-2017021012-A1,Peanut formulations and uses thereof ,"Aimmune Therapeutics, Inc.","Bryan Walser, Howard V. Raff",2013-03-14,2016-09-26,2017-01-26,,https://patents.google.com/patent/US20170021012A1/en,https://patentimages.storage.googleapis.com/aa/31/0b/ac35ef29f85cef/US20170021012A1-20170126-D00001.png
US-9198869-B2,Manufacture of peanut formulations for oral desensitization ,"Aimmune Therapeutics, Inc.","Bryan Walser, Howard V. Raff",2013-03-14,2014-03-12,2015-12-01,2015-12-01,https://patents.google.com/patent/US9198869B2/en,https://patentimages.storage.googleapis.com/bd/41/ac/40477352da3e2b/US09198869-20151201-D00001.png
US-2016051639-A1,Egg protein formulations and methods of manufacture thereof ,"Aimmune Therapeutics, Inc.",Howard V. Raff,2014-08-25,2015-08-25,2016-02-25,,https://patents.google.com/patent/US20160051639A1/en,https://patentimages.storage.googleapis.com/e2/a1/bc/db045537826d58/US20160051639A1-20160225-D00001.png
US-2015343075-A1,Placebo formulations and uses thereof ,Aimmune Therapeutics,Howard V. Raff,2014-06-02,2015-06-02,2015-12-03,,https://patents.google.com/patent/US20150343075A1/en,
US-2018200361-A1,Methods of manufacture of nut flours and formulations for oral immunotherapy ,Aimmune Therapeutics Inc,"Reyna Joy SIMON, Nicholas William BIRRINGER",2017-01-13,2018-01-12,2018-07-19,,https://patents.google.com/patent/US20180200361A1/en,https://patentimages.storage.googleapis.com/70/0b/13/482080dadf96c4/US20180200361A1-20180719-D00001.png
US-2019167785-A1,Methods of oral immunotherapy ,"Aimmune Therapeutics, Inc.",Stephen G. DILLY,,2018-11-01,2019-06-06,,https://patents.google.com/patent/US20190167785A1/en,https://patentimages.storage.googleapis.com/72/40/e1/6eb7a67b3e665a/US20190167785A1-20190606-D00000.png
WO-2019089978-A1,Methods of oral immunotherapy ,"Aimmune Therapeutics, Inc.",Stephen G. Dilly,2017-11-02,2018-11-01,2019-05-09,,https://patents.google.com/patent/WO2019089978A1/en,
