search URL:,https://patents.google.com/?assignee=AKEBIA+THERAPEUTICS+INC
id,title,assignee,inventor/author,priority date,filing/creation date,publication date,grant date,result link,representative figure link
AU-2007265460-B2,Prolyl hydroxylase inhibitors and methods of use ,Akebia Therapeutics Inc.,"Angelique Sun Boyer, Artem G. Edokimov, Kenneth Donald Greis, Richard Masaru Kawamoto, Namal Chithranga Warshakoon, Shengde Wu",2006-06-26,2007-06-26,2011-03-03,2011-03-03,https://patents.google.com/patent/AU2007265460B2/en,
US-7790748-B2,N-alkyl-4-methyleneamino-3-hydroxy-2-pyridones ,"Warner Chilcott Company, Llc","Namal Chithranga Warshakoon, Rodney Dean Bush",2002-11-09,2007-06-18,2010-09-07,2010-09-07,https://patents.google.com/patent/US7790748B2/en,
US-8569348-B2,"Compounds, compositions, and methods for preventing metastasis of cancer cells ",Aerpio Therapeutics Inc.,"Robert Shalwitz, Kevin G. Peters",2009-07-06,2010-01-12,2013-10-29,2013-10-29,https://patents.google.com/patent/US8569348B2/en,https://patentimages.storage.googleapis.com/2b/46/f4/d4291ba783ca59/US08569348-20131029-D00001.png
US-7622593-B2,Human protein tyrosine phosphatase inhibitors and methods of use ,The Procter & Gamble Company,"Jeffrey Lyle Gray, Kande K. D. Amarasinghe, Cynthia Monesa Clark, Ryan Matthew Nichols, Matthew B. Maier",2006-06-27,2007-06-26,2009-11-24,2009-11-24,https://patents.google.com/patent/US7622593B2/en,
US-2011212951-A1,Human protein tyrosine phosphatase inhibitors and methods of use ,"Jeffery Lyle Gray, Amarasinghe Kande K D, Cynthia Monesa Clark, Ryan Matthew Nichols, Maier Matthew B","Jeffery Lyle Gray, Kande K.D. Amarasinghe, Cynthia Monesa Clark, Ryan Matthew Nichols, Matthew B. Maier",2006-06-27,2010-08-04,2011-09-01,,https://patents.google.com/patent/US20110212951A1/en,
US-7589212-B2,Human protein tyrosine phosphatase inhibitors and methods of use ,Procter & Gamble Company,"Jeffrey Lyle Gray, Kande K. D. Amarasinghe, Cynthia Monesa Clark, Ryan Matthew Nichols, Matthew B. Maier",2006-06-27,2007-06-26,2009-09-15,2009-09-15,https://patents.google.com/patent/US7589212B2/en,
US-2011268694-A1,Methods for treating vascular leak syndrome ,"Robert Shalwitz, Peters Kevin G","Robert Shalwitz, Kevin G. Peters",2009-01-12,2010-01-12,2011-11-03,,https://patents.google.com/patent/US20110268694A1/en,https://patentimages.storage.googleapis.com/0c/48/5b/d3bbaf5a8f1805/US20110268694A1-20111103-D00001.png
US-7588924-B2,Crystal of hypoxia inducible factor 1 alpha prolyl hydroxylase ,Procter & Gamble Company,"Artem Gennady Evdokimov, Richard Masaru Kawamoto, Angelique Sun Boyer, Marlene Jan Mekel, Matthew Eugene Pokross, Richard Lee Walter, Jr.",2006-03-07,2007-03-05,2009-09-15,2009-09-15,https://patents.google.com/patent/US7588924B2/en,https://patentimages.storage.googleapis.com/dc/67/f4/f73067d3ee5e67/US07588924-20090915-D00001.png
US-7226755-B1,HPTPbeta as a target in treatment of angiogenesis mediated disorders ,The Procter & Gamble Company,"Kevin Gene Peters, Michael Glen Davis",2002-09-25,2003-08-04,2007-06-05,2007-06-05,https://patents.google.com/patent/US7226755B1/en,
CA-2648284-C,Antibodies that bind human protein tyrosine phosphatase beta (hptpbeta) and uses thereof ,"The Procter & Gamble Company, Rocco Jamie Rotello, Kevin Gene Peters, Michael Glen Davis, Warner Chilcott Company, Llc, Akebia Therapeutics Inc., Aerpio Therapeutics, Inc.","Rocco Jamie Rotello, Kevin Gene Peters, Michael Glen Davis",2006-04-07,2007-04-05,2016-08-16,2016-08-16,https://patents.google.com/patent/CA2648284C/en,
US-2012129847-A1,"Compositions and methods for treating ocular edema, neovascularization and related diseases ","Kevin Gene Peters, Robert Shalwitz","Kevin Gene Peters, Robert Shalwitz",2010-10-07,2011-10-05,2012-05-24,,https://patents.google.com/patent/US20120129847A1/en,https://patentimages.storage.googleapis.com/0a/6d/70/e00150c4c40c4e/US20120129847A1-20120524-D00000.png
EP-2717870-B1,Composition for stabilizing hypoxia inducible factor-2 alpha useful for treating cancer ,Akebia Therapeutics Inc.,"Robert Shalwitz, Joseph H. Gardner, John M. Janusz",2011-06-06,2012-06-05,2017-09-27,2017-09-27,https://patents.google.com/patent/EP2717870B1/en,https://patentimages.storage.googleapis.com/f1/2d/70/8fb33557bac81b/imgf0001.png
US-7769575-B2,Three dimensional coordinates of HPTPbeta ,"Warner Chilcott, LLC","Artem Gennady Evdokimov, Matthew Eugene Pokross",2002-09-25,2009-03-23,2010-08-03,2010-08-03,https://patents.google.com/patent/US7769575B2/en,https://patentimages.storage.googleapis.com/d7/9d/a6/30a51b044e3ca6/US07769575-20100803-D00001.png
US-8883774-B2,Methods for increasing the stabilization of hypoxia inducible factor-1 alpha ,Aerpio Therapeutics Inc.,"Robert Shalwitz, Joseph H. Gardner",2009-11-06,2013-02-19,2014-11-11,2014-11-11,https://patents.google.com/patent/US8883774B2/en,https://patentimages.storage.googleapis.com/f5/7f/dc/05543d02ec1551/US08883774-20141111-D00001.png
US-8999325-B2,Treatment of ocular disease ,"Aerpio Therapeutics, Inc","Kevin Peters, Robert Shalwitz",2011-10-13,2012-10-15,2015-04-07,2015-04-07,https://patents.google.com/patent/US8999325B2/en,https://patentimages.storage.googleapis.com/f5/bf/9b/884bcc6ef2d05f/US08999325-20150407-D00001.png
US-7247632-B2,N-sulfonyl-4-methyleneamino-3-hydroxy-2-pyridones ,The Procter & Gamble Company,"Namal Chithranga Warshokoon, Rodney Dean Bush",2002-11-09,2005-06-14,2007-07-24,2007-07-24,https://patents.google.com/patent/US7247632B2/en,
US-10246416-B2,"Process for preparing [(3-hydroxypyridine-2-carbonyl)amino] alkanoic acids, esters and amides ","Akebia Therapeutics, Inc.","Christopher M. Lanthier, Boris Gorin, Jan Oudenes, Craig Edward Dixon, Alan Quigbo Lu, James Denmore Copp, John Michael Janusz",2011-06-06,2017-08-31,2019-04-02,2019-04-02,https://patents.google.com/patent/US10246416B2/en,https://patentimages.storage.googleapis.com/03/cc/c7/4b06857da2a98e/US10246416-20190402-D00001.png
US-10149842-B2,"Solid forms of {[5-(3-chlorophenyl)-3-hydroxypyridine-2-carbonyl]amino}acetic acid, compositions, and uses thereof ","Akebia Therapeutics, Inc.","James Densmore Copp, Ann W. Newman, Anne Luong",2013-11-15,2018-05-31,2018-12-11,2018-12-11,https://patents.google.com/patent/US10149842B2/en,https://patentimages.storage.googleapis.com/93/bd/a2/b38d681999089c/US10149842-20181211-D00001.png
US-2016143891-A1,Compositions and methods for treating anemia ,"Akebia Therapeutics, Inc.","Robert Shalwitz, Charlotte Hartman, Akshay Buch, Isaiah Shalwitz, John Janusz, Joseph Gardner",2013-06-13,2014-06-04,2016-05-26,,https://patents.google.com/patent/US20160143891A1/en,https://patentimages.storage.googleapis.com/ec/70/a2/cd5658582fc578/US20160143891A1-20160526-D00001.png
US-2016339005-A1,Compositions and methods for treating ocular diseases ,"Akebia Therapeutics, Inc.","Robert Shalwitz, William Daly",2014-01-23,2015-01-23,2016-11-24,,https://patents.google.com/patent/US20160339005A1/en,https://patentimages.storage.googleapis.com/84/fc/80/ad6d22e9ca481a/US20160339005A1-20161124-D00001.png
US-2018092892-A1,Compositions and Methods for Treating Anemia ,"Akebia Therapeutics, Inc.","Alexander Smith, Gurudatt Ajay Chandorkar, Ene Ikpong Ette, Bradley John Maroni, Charlotte Suzanne Hartman, Ramin Farzaneh-Far, Jula Kem Inrig",2015-04-01,2016-03-31,2018-04-05,,https://patents.google.com/patent/US20180092892A1/en,https://patentimages.storage.googleapis.com/51/f5/39/fa6e35cb083b90/US20180092892A1-20180405-D00000.png
US-10150734-B2,"Solid forms of 2-(5-(3-fluorophenyl)-3-hydroxypicolinamido)acetic acid, compositions, and uses thereof ","Akebia Therapeutics, Inc.","Roger Hanselmann, Anne Luong",2015-01-23,2016-01-22,2018-12-11,2018-12-11,https://patents.google.com/patent/US10150734B2/en,https://patentimages.storage.googleapis.com/d1/b7/b2/7deead507e564a/US10150734-20181211-D00001.png
CA-2979985-A1,Deuterium-enriched hypoxia-inducible factor prolyl hydroxylase enzyme inhibitors ,"Akebia Therapeutics, Inc., Roger Hanselmann",Roger Hanselmann,2015-03-20,2016-03-18,2016-09-29,,https://patents.google.com/patent/CA2979985A1/en,
AR-104157-A1,Compositions and methods for the treatment of anemia ,Akebia Therapeutics Inc,,2015-04-01,2016-03-31,2017-06-28,,https://patents.google.com/patent/AR104157A1/en,
AR-103506-A1,"solid forms of 2- (5- (3-fluorophenyl) -3-hidroxipicolinamido) acetic acid, their compositions and uses ",Akebia Therapeutics Inc,,2015-01-23,2016-01-22,2017-05-17,,https://patents.google.com/patent/AR103506A1/en,
WO-2019028150-A1,Compositions for use in methods of treatment of hemoglobin disorders ,"Akebia Therapeutics, Inc.","Ramin FARZANEH-FAR, Anna Zuk, Emil Morada DEGOMA",2017-08-01,2018-08-01,2019-02-07,,https://patents.google.com/patent/WO2019028150A1/en,
MA-38670-A1,Compositions and anemia treatment methods ,Akebia Therapeutics Inc,"Robert Shalwitz, Charlotte Hartman, Akshay Buch, Isaiah Shalwitz, John Janusz, Joseph Gardner",2013-06-13,2014-06-04,2018-03-30,,https://patents.google.com/patent/MA38670A1/en,
