search URL:,https://patents.google.com/?assignee=ALIMERA+SCIENCES+INC
id,title,assignee,inventor/author,priority date,filing/creation date,publication date,grant date,result link,representative figure link
EP-2214608-B1,Ocular implantation device ,"Alimera Sciences, Inc.","Brian Highley, Morgan Beeson, Randy Jackson, Christopher Edward Wayman, Lance Shetler, Antonio Cutino, Michael Thomas Wright",2007-11-08,2008-11-07,2015-03-04,2015-03-04,https://patents.google.com/patent/EP2214608B1/en,https://patentimages.storage.googleapis.com/9f/0f/ea/859209b71f7ba4/imgf0001.png
US-D592746-S,Ocular implantation device ,Alimera Sciences,"Brian Highley, Morgan Beeson, Randy Jackson, Antonio Cutino",2007-11-08,2007-11-08,2009-05-19,2009-05-19,https://patents.google.com/patent/USD592746S1/en,https://patentimages.storage.googleapis.com/USD592746S1/USD0592746-20090519-D00000.png
CA-2585266-C,Ophthalmic compositions and methods of using the same ,"Bausch & Lomb Incorporated, Kenneth E. Green, George E. Minno, Susan Caballa, Alimera Sciences, Inc.","Kenneth E. Green, George E. Minno, Susan Caballa",2004-10-25,2005-10-24,2010-10-19,2010-10-19,https://patents.google.com/patent/CA2585266C/en,
US-8934914-B2,Key separation method and device ,"Huawei Technologies Co., Ltd.",Xiaohan Liu,2010-08-02,2013-02-01,2015-01-13,2015-01-13,https://patents.google.com/patent/US8934914B2/en,https://patentimages.storage.googleapis.com/c5/a0/38/a53c278271e6d1/US08934914-20150113-D00000.png
US-8404270-B2,Method of reducing incidence of intraocular pressure associated with intraocular use of corticosteroids ,"Alimera Sciences, Inc.",Ken GREEN,2009-12-23,2010-12-21,2013-03-26,2013-03-26,https://patents.google.com/patent/US8404270B2/en,https://patentimages.storage.googleapis.com/00/45/e9/3de33fbae4d0b1/US08404270-20130326-D00000.png
US-9007540-B2,Electro-optical device and electronic apparatus ,Seiko Epson Corporation,Masashi Nakagawa,2009-12-24,2010-12-21,2015-04-14,2015-04-14,https://patents.google.com/patent/US9007540B2/en,https://patentimages.storage.googleapis.com/a6/6e/71/13ed8a82958b64/US09007540-20150414-D00000.png
US-2006089384-A1,Ophthalmic compositions and methods of using the same ,"Minno George E, Susan Caballa","George Minno, Susan Caballa",2004-10-25,2004-10-25,2006-04-27,,https://patents.google.com/patent/US20060089384A1/en,
