search URL:,https://patents.google.com/?assignee=ALNYLAM+PHARMACEUTICALS+INC
id,title,assignee,inventor/author,priority date,filing/creation date,publication date,grant date,result link,representative figure link
AU-2004233092-C1,Modified iRNA agents ,"Alnylam Pharmaceuticals, Inc.",Muthiah Manoharan,2003-04-17,2004-04-16,2010-01-14,2010-01-14,https://patents.google.com/patent/AU2004233092C1/en,
EP-2008274-B1,Compositions and methods for inhibiting expression of eg5 gene ,Alnylam Pharmaceuticals Inc.,"David Bumcrot, Pamela Tan, Hans-Peter Vornlocher, Anke Geick",2006-03-31,2007-03-30,2015-05-27,2015-05-27,https://patents.google.com/patent/EP2008274B1/en,
CA-2764609-C,Improved cationic lipid of formula i ,"Alnylam Pharmaceuticals, Inc., Jianxin Chen, Steven Ansell, Akin Akinc, Joseph R. Dorkin, Xiaojun Qin, William Cantley, Muthiah Manoharan, Kallanthottathil G. Rajeev, Jayaprakash K. Narayanannair, Muthusamy Jayaraman, Tekmira Pharmaceuticals Corporation, Arbutus Biopharma Corporation","Jianxin Chen, Steven Ansell, Akin Akinc, Joseph R. Dorkin, Xiaojun Qin, William Cantley, Muthiah Manoharan, Kallanthottathil G. Rajeev, Jayaprakash K. Narayanannair, Muthusamy Jayaraman",2009-06-10,2010-06-10,2018-10-02,2018-10-02,https://patents.google.com/patent/CA2764609C/en,
JP-5843914-B2,Carbohydrate conjugates as delivery agent of an oligonucleotide ,"アルニラム ファーマスーティカルズ インコーポレイテッドＡｌｎｙｌａｍ Ｐｈａｒｍａｃｅｕｔｉｃａｌｓ， Ｉｎｃ．, アルニラム  ファーマスーティカルズ  インコーポレイテッドＡｌｎｙｌａｍ  Ｐｈａｒｍａｃｅｕｔｉｃａｌｓ，  Ｉｎｃ．","マノハラン ムシアー, マノハラン ムシアー, ジー ラジーヴ カランソッタシル, ジー  ラジーヴ カランソッタシル, ケイ ナラヤナンナイル ジャヤプラカシュ, ケイ  ナラヤナンナイル ジャヤプラカシュ, マイエル マルティーン, マイエル マルティーン",2007-12-04,2014-04-03,2016-01-13,2016-01-13,https://patents.google.com/patent/JP5843914B2/en,https://patentimages.storage.googleapis.com/JP5843914B2/0005843914.png
CA-2743136-C,Novel lipids and compositions for the delivery of therapeutics ,"Muthiah Manoharan, Kallanthottathil G. Rajeev, Muthusamy Jayaraman, David Butler, Jayaprakash K. Narayanannair, Martin Maier, Laxman Eltepu, Alnylam Pharmaceuticals, Inc., Tekmira Pharmaceuticals Corporation, Arbutus Biopharma Corporation","Muthiah Manoharan, Kallanthottathil G. Rajeev, Muthusamy Jayaraman, David Butler, Jayaprakash K. Narayanannair, Martin Maier, Laxman Eltepu",2008-11-10,2009-11-10,2019-02-26,2019-02-26,https://patents.google.com/patent/CA2743136C/en,
AU-2005201044-B2,Method and medicament for inhibiting the expression of a defined gene ,"Alnylam Pharmaceuticals, Inc.","Roland Kreutzer, Stephan Limmer",1999-01-30,2005-03-09,2008-05-29,2008-05-29,https://patents.google.com/patent/AU2005201044B2/en,
AU-2009201569-B2,Therapeutic compositions ,"Alnylam Pharmaceuticals, Inc.","David Bumcrot, Muthiah Manoharan, Kallanthottathil G. Rajeev",2003-03-07,2009-04-23,2011-11-17,2011-11-17,https://patents.google.com/patent/AU2009201569B2/en,
AU-2005272816-B2,Chemically modified oligonucleotides ,"Alnylam Pharmaceuticals, Inc.","Venkitasamy Kesavan, Muthiah Manoharan, Kallanthottathil G. Rajeev",2004-08-10,2005-08-10,2011-08-11,2011-08-11,https://patents.google.com/patent/AU2005272816B2/en,
AU-781598-B2,Methods and compositions for inhibiting the function of polynucleotide sequences ,"Alnylam Pharmaceuticals, Inc.","Catherine Pachuk, C. Satishchandran",1999-04-21,2000-04-19,2005-06-02,2005-06-02,https://patents.google.com/patent/AU781598B2/en,
CA-2665225-C,Lipid containing formulations ,"Alnylam Pharmaceuticals, Inc., Muthiah Manoharan, Kallanthottahil G. Rajeev, Akin Akinc, Jayaprakash K. Narayanannair, Muthusamy Jayraman, Martin A. Maier, Tekmira Pharmaceuticals Corporation, Arbutus Biopharma Corporation","Muthiah Manoharan, Kallanthottahil G. Rajeev, Akin Akinc, Jayaprakash K. Narayanannair, Muthusamy Jayraman, Martin A. Maier",2006-10-03,2007-10-03,2015-06-30,2015-06-30,https://patents.google.com/patent/CA2665225C/en,
AU-2010245869-B2,Lipid compositions ,Arbutus Biopharma Corporation,"David Butler, Muthusamy Jayaraman, Michael E. Jung, Muthiah Manoharan, Kallanthottathil G. Rajeev",2009-05-05,2010-05-05,2016-10-20,2016-10-20,https://patents.google.com/patent/AU2010245869B2/en,
CA-2651839-C,Compositions and methods for inhibiting expression of the pcsk9 gene ,"Alnylam Pharmaceuticals, Inc., Pamela Tan, Birgit Bramlage, Maria Frank-Kamenetsky, Kevin Fitzgerald, Akin Akinc, Victor E. Kotelianski, Alnylam Europe Ag","Pamela Tan, Birgit Bramlage, Maria Frank-Kamenetsky, Kevin Fitzgerald, Akin Akinc, Victor E. Kotelianski",2006-05-11,2007-05-10,2016-02-09,2016-02-09,https://patents.google.com/patent/CA2651839C/en,
EP-2224912-B1,Improved compositions and methods for the delivery of nucleic acids ,"TEKMIRA Pharmaceuticals Corporation, The University Of British Columbia, Alnylam Pharmaceuticals","Michael J. Hope, Sean C. Semple, Jianxin Chen, Thomas D. Madden, Barbara Mui, Pieter R. Cullis, Marco A. Ciufolini, Kim F. Wong, Muthiah Manoharan, Kallanthottathil G. Rajeev, Masunu Srinivasulu",2008-01-02,2008-12-31,2016-05-11,2016-05-11,https://patents.google.com/patent/EP2224912B1/en,https://patentimages.storage.googleapis.com/49/7e/49/a88e5fcbd1f5b2/imgf0001.png
US-7786290-B2,Double-stranded ribonucleic acid with increased effectiveness in an organism ,"Alnylam Pharmaceuticals, Inc.","Claudia Woppmann, Hans-Peter Vornlocher, Philipp Hadwiger, Matthias John, Stefan Limmer",2003-06-13,2004-06-14,2010-08-31,2010-08-31,https://patents.google.com/patent/US7786290B2/en,https://patentimages.storage.googleapis.com/32/f5/7b/91b034b046a2ec/US07786290-20100831-D00001.png
EP-1919512-B1,Chemically modified oligonucleotides for use in modulating micro rna and uses thereof ,"Alnylam Pharmaceuticals Inc., The Rockefeller University","Markus Stoffel, Muthiah Manoharan, Kallanthottathil G. Rajeev",2005-08-10,2006-08-10,2014-11-12,2014-11-12,https://patents.google.com/patent/EP1919512B1/en,https://patentimages.storage.googleapis.com/ed/12/bd/ef4549e00b6f90/imgf0001.png
US-7772387-B2,Oligonucleotides comprising a modified or non-natural nucleobase ,Alnylam Pharmaceuticals,"Muthiah Manoharan, Jie Xia, Kallanthottathil G. Rajeev",2004-07-21,2009-07-01,2010-08-10,2010-08-10,https://patents.google.com/patent/US7772387B2/en,https://patentimages.storage.googleapis.com/39/d8/dc/72ad75c07078a3/US07772387-20100810-D00000.png
US-7829693-B2,Compositions and methods for inhibiting expression of a target gene ,"Alnylam Pharmaceuticals, Inc.","Roland Kreutzer, Stefan Limmer, Sylvia Limmer, Philipp Hadwiger",1999-11-24,2003-03-07,2010-11-09,2010-11-09,https://patents.google.com/patent/US7829693B2/en,https://patentimages.storage.googleapis.com/f3/56/2e/f4c252b739969c/US07829693-20101109-D00001.png
US-7320965-B2,Compositions and methods for inhibiting expression of Huntingtin gene ,"Alnylam Pharmaceuticals, Inc.","Dinah Wen-Yee Sah, Philipp Hadwiger, Ingo Roehl, Birgit Bramlage, Pamela Tan, Hans-Peter Vornlocher, David Bumcrot",2005-10-28,2006-10-27,2008-01-22,2008-01-22,https://patents.google.com/patent/US7320965B2/en,https://patentimages.storage.googleapis.com/8c/3a/f3/79f50074c24120/US07320965-20080122-D00004.png
US-8541385-B2,Chemically modified oligonucleotides for use in modulation micro RNA and uses thereof ,"The Rockefeller University, Alnylam Pharmaceuticals, Inc.","Markus Stoffel, Muthiah Manoharan, Kallanthottathil G Rajeev",2005-08-10,2010-03-01,2013-09-24,2013-09-24,https://patents.google.com/patent/US8541385B2/en,https://patentimages.storage.googleapis.com/7f/a0/c2/0b1cf58622c8d4/US08541385-20130924-D00001.png
EP-2636739-B1,iRNA agents targeting VEGF ,Alnylam Pharmaceuticals Inc.,"Antonin De Fougerolles, Maria Frank-Kamenetsky, Muthiah Manoharan, Kallanthottahil G. Rajeev, Philipp Hadwiger",2004-03-12,2005-03-11,2014-12-10,2014-12-10,https://patents.google.com/patent/EP2636739B1/en,https://patentimages.storage.googleapis.com/56/a1/8d/9ae80c4c14aa0a/imgf0001.png
US-7473525-B2,Compositions and methods for inhibiting expression of anti-apoptotic genes ,Alnylam Europe Ag,"Roland Kreutzer, Stefan Limmer, Hans-Peter Vornlocher, Philipp Hadwiger, Anke Geick, Matthias Ocker, Christoph Herold, Detlef Schuppan",2001-01-09,2003-03-07,2009-01-06,2009-01-06,https://patents.google.com/patent/US7473525B2/en,https://patentimages.storage.googleapis.com/US7473525B2/US07473525-20090106-D00000.png
US-9345780-B2,Site specific delivery of nucleic acids by combining targeting ligands with endosomolytic components ,Tekmira Pharmaceuticals Corporation,"Muthiah Manoharan, Kallanthottathil G. Rajeev, David Butler, Muthusamy Jayaraman",2008-04-11,2013-10-01,2016-05-24,2016-05-24,https://patents.google.com/patent/US9345780B2/en,https://patentimages.storage.googleapis.com/ab/cb/43/f52e91931a576e/US09345780-20160524-D00001.png
CA-2751342-C,Lipid formulations comprising cationic lipid and a targeting lipid comprising n-acetyl galactosamine for delivery of nucleic acid ,"Alnylam Pharmaceuticals, Inc., Akin Akinc, William Querbes, Frances Wong, Joseph Robert Dorkin, Xiaojun Qin, William Cantley, Anna Borodovsky, Soma De, Muthiah Manoharan, Muthusamy Jayaraman, Kallanthottathil G. Rajeev, Tekmira Pharmaceuticals Corporation, Arbutus Biopharma Corporation","Akin Akinc, William Querbes, Frances Wong, Joseph Robert Dorkin, Xiaojun Qin, William Cantley, Anna Borodovsky, Soma De, Muthiah Manoharan, Muthusamy Jayaraman, Kallanthottathil G. Rajeev",2009-01-29,2010-01-29,2019-05-07,2019-05-07,https://patents.google.com/patent/CA2751342C/en,
US-8598333-B2,SiRNA silencing of genes expressed in cancer ,"Alnylam Pharmaceuticals, Inc.","Ian Maclachlan, Adam Judge, Vandana Sood, James Heyes, Lloyd B. Jeffs, Lorne Palmer",2006-05-26,2007-05-29,2013-12-03,2013-12-03,https://patents.google.com/patent/US8598333B2/en,https://patentimages.storage.googleapis.com/47/41/9d/4f58b969a07790/US08598333-20131203-D00001.png
US-8598139-B2,Lipid formulated dsRNA targeting the PCSK9 gene ,"Alnylam Pharmaceuticals, Inc.","Kevin Fitzgerald, Gregory Hinkle, Akin Akinc, Stuart Milstein",2009-06-15,2012-08-07,2013-12-03,2013-12-03,https://patents.google.com/patent/US8598139B2/en,https://patentimages.storage.googleapis.com/ea/86/6d/6141329cf6a543/US08598139-20131203-D00001.png
CA-2513809-C,Lipophilic derivatives of double-stranded ribonucleic acid ,"Alnylam Europe Ag, Philipp Hadwiger, Matthias John, Christina Lorenz, Hans-Peter Vornlocher, Stefan Limmer, Alnylam Pharmaceuticals, Inc.","Philipp Hadwiger, Matthias John, Christina Lorenz, Hans-Peter Vornlocher, Stefan Limmer",2003-01-21,2004-01-21,2009-10-06,2009-10-06,https://patents.google.com/patent/CA2513809C/en,
US-7582745-B2,Compositions and methods for inhibiting expression of Nav1.8 gene ,"Alnylam Pharmaceuticals, Inc.","Dinah Sah, Maria Frank-Kamenetsky, Anke Geick, Philipp Hadwiger, Ingo Roehl, Pamela Tan, Hans-Peter Vornlocher",2005-11-04,2006-11-03,2009-09-01,2009-09-01,https://patents.google.com/patent/US7582745B2/en,https://patentimages.storage.googleapis.com/a3/6a/50/71d8a788f31935/US07582745-20090901-D00013.png
US-8470988-B2,Single-stranded and double-stranded oligonucleotides comprising a 2-arylpropyl moiety ,"Alnylam Pharmaceuticals, Inc.","Muthiah Manoharan, Kallanthottathil G. Rajeev, Venkitasamy Kesavan",2004-04-27,2009-10-23,2013-06-25,2013-06-25,https://patents.google.com/patent/US8470988B2/en,https://patentimages.storage.googleapis.com/c5/91/f2/d0092b62fc825c/US08470988-20130625-D00001.png
EP-1913011-B1,Oligonucleotides comprising a ligand tethered to a modified or non-natural nucleobase ,Alnylam Pharmaceuticals Inc.,"Muthiah Manoharan, Kallanthottathil G. Rajeev, Jie Xia",2004-08-04,2005-08-04,2016-11-02,2016-11-02,https://patents.google.com/patent/EP1913011B1/en,https://patentimages.storage.googleapis.com/ba/55/e2/2a725c71842f22/imgf0001.png
US-9051567-B2,Methods for increasing efficacy of lipid formulated siRNA ,Tekmira Pharmaceuticals Corporation,"Kevin Fitzgerald, Maria Frank-Kamenetsky, Akin Akinc, Martin A. Maier",2009-06-15,2010-06-15,2015-06-09,2015-06-09,https://patents.google.com/patent/US9051567B2/en,https://patentimages.storage.googleapis.com/a9/1b/69/6dae5ab1deeada/US09051567-20150609-D00001.png
AU-2006261732-B2,RNAi modulation of HIF-1 and theraputic uses thereof ,"Alnylam Pharmaceuticals, Inc.","Akin Akinc, Antonin De Fougerolles, Philipp Hadwiger, Hans-Peter Vornlocher",2005-06-27,2006-06-27,2011-09-15,2011-09-15,https://patents.google.com/patent/AU2006261732B2/en,
AU-2005327517-B2,Oligonucleotides comprising a non-phosphate backbone linkage ,"Alnylam Pharmaceuticals, Inc.","Muthiah Manoharan, Kallanthottathil G. Rajeev",2004-06-30,2005-06-29,2011-05-26,2011-05-26,https://patents.google.com/patent/AU2005327517B2/en,
US-8143390-B2,Compositions and methods for inhibiting expression of anti-apoptotic genes ,"Alnylam Pharmaceuticals, Inc.",Hans-Peter Vornlocher,2001-01-09,2010-12-06,2012-03-27,2012-03-27,https://patents.google.com/patent/US8143390B2/en,https://patentimages.storage.googleapis.com/88/aa/f7/6e578251fca6e6/US08143390-20120327-D00001.png
AU-2012347637-B2,Biodegradable lipids for the delivery of active agents ,"Alnylam Pharmaceuticals, Inc.","Akin Akinc, Muthusamy Jayaraman, Pachamuthu KADASAMY, Martin Maier, Muthiah Manoharan, Shigeo Matsuda, Kallanthottathil G. Rajeev",2011-12-07,2012-12-07,2017-09-14,2017-09-14,https://patents.google.com/patent/AU2012347637B2/en,
JP-6053735-B2,Chemical modification of monomers and oligonucleotides used cycloaddition ,"アルニラム ファーマスーティカルズ インコーポレイテッドＡｌｎｙｌａｍ Ｐｈａｒｍａｃｅｕｔｉｃａｌｓ， Ｉｎｃ．, アルニラム  ファーマスーティカルズ  インコーポレイテッドＡｌｎｙｌａｍ  Ｐｈａｒｍａｃｅｕｔｉｃａｌｓ，  Ｉｎｃ．","マノハラン ムシアー, マノハラン ムシアー, ジー ラジーフ カラントタットヒル, ジー  ラジーフ カラントタットヒル, 山田　剛史, 剛史 山田, バトラー デイヴィッド, バトラー デイヴィッド, ナラヤナンナエー ジャヤプラカシュ ケイ, ナラヤナンナエー  ジャヤプラカシュ ケイ, ジャイラマン ムスサミー, ジャイラマン ムスサミー, 成夫 松田, 成夫 松田, ケイ パンディー ラジェンドラ, ケイ  パンディー ラジェンドラ, ゲン ペン チャン, ゲン  ペン チャン",2008-09-23,2014-09-11,2016-12-27,2016-12-27,https://patents.google.com/patent/JP6053735B2/en,https://patentimages.storage.googleapis.com/JP6053735B2/0006053735.png
EP-1824872-B1,Rnai modulation of mll-af4 and uses thereof ,Alnylam Pharmaceuticals Inc.,"Olaf Heidenreich, Hans-Peter Vornlocher, Philipp Hadwiger",2004-12-14,2005-12-14,2012-02-08,2012-02-08,https://patents.google.com/patent/EP1824872B1/en,https://patentimages.storage.googleapis.com/81/6a/d5/afc0178e07960d/imgf0001.png
AU-2005289588-B2,RNAi modulation of ApoB and uses thereof ,"Alnylam Pharmaceuticals, Inc.","Sayda Elbashir, Philipp Hadwiger, Juergen Soutschek, Hans-Peter Vornlocher",2004-09-24,2005-09-26,2011-12-22,2011-12-22,https://patents.google.com/patent/AU2005289588B2/en,
EP-2663548-B1,Pegylated lipids and their use for drug delivery ,"Alnylam Pharmaceuticals, Inc.","Kallanthottathil G. Rajeev, Muthiah Manoharan, Muthusamy Jayaraman, Martin Maier, Narayanannair K. Jayaprakash, David Butler",2011-01-11,2012-01-11,2017-04-05,2017-04-05,https://patents.google.com/patent/EP2663548B1/en,
US-10266484-B2,Biodegradable lipids for the delivery of active agents ,"Alnylam Pharmaceuticals, Inc.","Muthiah Manoharan, Martin Maier, Muthusamy Jayaraman, Shigeo Matsuda, Jayaprakash K. Nair, Kallanthottathil G. Rajeev, Akin Akinc, Thomas A. Baillie",2010-06-03,2017-05-15,2019-04-23,2019-04-23,https://patents.google.com/patent/US10266484B2/en,https://patentimages.storage.googleapis.com/bb/ce/cc/055be8ca9d9e17/US10266484-20190423-D00001.png
AU-2012340159-B2,"RNAi agents, compositions and methods of use thereof for treating transthyretin (TTR) associated diseases ","Alnylam Pharmaceuticals, Inc.","Klaus CHARISSE, Satyanarayana Kuchimanchi, Martin Maier, Muthiah Manoharan, Kallanthottathil G. Rajeev, Tracy Zimmermann",2011-11-18,2012-11-16,2017-09-07,2017-09-07,https://patents.google.com/patent/AU2012340159B2/en,
AU-2010210023-B2,Method of treating neurodegenerative disease ,"Alnylam Pharmaceuticals, Inc., Mayo Foundation For Medical Education And Research","David Bumcrot, Matthew J. Farrer, Demetrius Maraganore, Hans-Peter Vornlocher",2003-06-09,2010-08-09,2011-12-22,2011-12-22,https://patents.google.com/patent/AU2010210023B2/en,
US-9051566-B2,Post-transcriptional gene silencing using expressed double stranded RNA ,"Alnylam Pharmaceuticals, Inc.","Tony Giordano, Catherine Pachuk, Chandrasekhar Satishchandran",2001-01-31,2004-01-22,2015-06-09,2015-06-09,https://patents.google.com/patent/US9051566B2/en,https://patentimages.storage.googleapis.com/51/33/1e/251cb4a9ad0372/US09051566-20150609-D00001.png
CA-2562151-C,Oligonucleotides comprising a c5-modified pyrimidine ,"Alnylam Pharmaceuticals, Inc., Muthiah Manoharan, Kallanthottathil G. Rajeev","Muthiah Manoharan, Kallanthottathil G. Rajeev",2004-04-30,2005-04-29,2016-09-06,2016-09-06,https://patents.google.com/patent/CA2562151C/en,
JP-5791505-B2,Compositions and methods for inhibiting expression of transthyretin ,"アルナイラム ファーマシューティカルズ， インコーポレイテッドＡｌｎｙｌａｍ Ｐｈａｒｍａｃｅｕｔｉｃａｌｓ， Ｉｎｃ．, アルナイラム  ファーマシューティカルズ，  インコーポレイテッドＡｌｎｙｌａｍ  Ｐｈａｒｍａｃｅｕｔｉｃａｌｓ，  Ｉｎｃ．","ダイナ・ウェン−イー・サー, グレゴリー・ヒンクル, レネ・アルバレズ, スチュアート・ミルスタイン, チェン・キンミン",2008-10-20,2009-10-20,2015-10-07,2015-10-07,https://patents.google.com/patent/JP5791505B2/en,https://patentimages.storage.googleapis.com/d1/43/71/ab4256eef99bed/0005791505-63.png
US-7763590-B2,Compositions and methods for inhibiting expression of a mutant gene ,"Alnylam Pharmaceuticals, Inc.","Roland Kreutzer, Stefan Limmer, Matthias John",2001-10-12,2003-03-07,2010-07-27,2010-07-27,https://patents.google.com/patent/US7763590B2/en,https://patentimages.storage.googleapis.com/73/51/ec/86a5d573472c0b/US07763590-20100727-D00001.png
US-9512164-B2,Oligonucleotide end caps ,"Alnylam Pharmaceuticals, Inc.","Muthiah Manoharan, Kallanthottathil G. Rajeev",2009-07-07,2010-07-07,2016-12-06,2016-12-06,https://patents.google.com/patent/US9512164B2/en,https://patentimages.storage.googleapis.com/d3/9f/64/f07fa57c2a839d/US09512164-20161206-D00001.png
US-7994309-B2,Compositions and methods for inhibiting expression of a mutant gene ,"Alnylam Pharmaceuticals, Inc.","Roland Kreutzer, Stefan Limmer, Matthias John",2001-10-26,2010-06-16,2011-08-09,2011-08-09,https://patents.google.com/patent/US7994309B2/en,https://patentimages.storage.googleapis.com/0f/61/3e/bf55982c8b39ca/US07994309-20110809-D00001.png
US-8927513-B2,5′ phosphate mimics ,"Alnylam Pharmaceuticals, Inc.","Muthiah Manoharan, Kallanthottathil G. Rajeev, Marija Prhavc, Ivan ZLATEV",2009-07-07,2010-07-07,2015-01-06,2015-01-06,https://patents.google.com/patent/US8927513B2/en,
US-8722082-B2,Lipids and compositions for the delivery of therapeutics ,Tekmira Pharmaceuticals Corporation,"Muthiah Manoharan, Kallanthottathil G. Rajeev, Muthusamy Jayaraman, David Butler, Jayaprakash K. Narayanannair, Marco A. Ciufolini",2008-11-10,2009-11-10,2014-05-13,2014-05-13,https://patents.google.com/patent/US8722082B2/en,
AU-2003266014-B2,Methods for delivery of nucleic acids ,"Alnylam Pharmaceuticals, Inc.",C. Satishchandran,2002-05-06,2003-05-06,2009-05-14,2009-05-14,https://patents.google.com/patent/AU2003266014B2/en,
US-9476045-B2,iRNA agents with biocleavable tethers ,"Alnylam Pharmaceuticals, Inc.","Muthiah Manoharan, Kallanthottathil G. Rajeev",2003-04-17,2014-09-12,2016-10-25,2016-10-25,https://patents.google.com/patent/US9476045B2/en,https://patentimages.storage.googleapis.com/90/bb/e3/21d3630adbaa06/US09476045-20161025-D00001.png
AU-2012347605-B2,Branched alkyl and cycloalkyl terminated biodegradable lipids for the delivery of active agents ,"Alnylam Pharmaceuticals, Inc.","Steven Michial Ansell, Xinyao Du",2011-12-07,2012-12-07,2017-09-21,2017-09-21,https://patents.google.com/patent/AU2012347605B2/en,
US-2005153337-A1,iRNA conjugates ,Muthiah Manoharan,Muthiah Manoharan,2003-04-03,2004-12-03,2005-07-14,,https://patents.google.com/patent/US20050153337A1/en,https://patentimages.storage.googleapis.com/6d/33/3f/71d164e5b7cae4/US20050153337A1-20050714-D00001.png
US-2009176727-A1,"Double-stranded rna structures and constructs, and methods for generating and using the same ","Nucleonics, Inc.","Catherine J. Pachuk, C. Satishchandran, Daniel Edward McCallus",2002-10-18,2008-10-08,2009-07-09,,https://patents.google.com/patent/US20090176727A1/en,
US-2013017223-A1,Methods and compositions for delivery of nucleic acids ,"The University Of British Columbia, Alnylam Pharmaceuticals, Inc.","Michael J Hope, Thomas D. Madden, Pieter R. Cullis, Martin Maier, Muthusamy Jayaraman, Kallanthottathil G. Rajeev, Akin Akinc, Muthiah Manoharan",2009-12-18,2010-12-17,2013-01-17,,https://patents.google.com/patent/US20130017223A1/en,https://patentimages.storage.googleapis.com/0e/5c/93/5bd68336f2acdd/US20130017223A1-20130117-D00001.png
US-8263572-B2,RNAi modulation of RSV and therapeutic uses thereof ,"Alnylam Pharmaceuticals, Inc.",Rachel Meyers,2005-01-07,2011-06-14,2012-09-11,2012-09-11,https://patents.google.com/patent/US8263572B2/en,https://patentimages.storage.googleapis.com/5e/91/25/3aa142ff416d1d/US08263572-20120911-D00000.png
US-7928217-B2,Nuclease resistant double-stranded ribonucleic acid ,"Alnylam Pharmaceuticals, Inc.","Hans-Peter Vornlocher, Ingo Roehl, Philipp Hadwiger, Tracy Stage Zimmermann, Muthiah Manoharan, Kallanthottathil G. Rajeev, Akin Akinc",2004-05-27,2005-05-27,2011-04-19,2011-04-19,https://patents.google.com/patent/US7928217B2/en,https://patentimages.storage.googleapis.com/e0/76/49/eca53a2b67daa9/US07928217-20110419-D00001.png
US-2013156845-A1,Lipid formulated single stranded rna ,"Alnylam Pharmaceuticals, Inc., Isis Pharmaceuticals, Inc.","Muthiah Manoharan, Sayda Elbashir, Kallanthottathil G. Rajeev, Thazha P. Prakash, Walter F. Lima, Eric E. Swayze",2010-04-29,2011-04-29,2013-06-20,,https://patents.google.com/patent/US20130156845A1/en,https://patentimages.storage.googleapis.com/de/ae/d6/e30c7fbd1d5f65/US20130156845A1-20130620-D00001.png
US-2011269814-A1,2'-f modified rna interference agents ,"Alnylam Pharamaceuticals, Inc.","Muthiah Manoharan, Kallanthottathil G. Rajeev",2008-03-26,2009-03-26,2011-11-03,,https://patents.google.com/patent/US20110269814A1/en,https://patentimages.storage.googleapis.com/bd/31/74/465448a676bb43/US20110269814A1-20111103-D00001.png
US-9687550-B2,Compositions for nucleic acid delivery ,Arbutus Biopharma Corporation,"Muthiah Manoharan, Kallanthottathil G. Rajeev, Muthusamy Jayaraman, David Butler, Mamta Kapoor, Rajesh Kumar Kainthan",2009-12-07,2010-12-07,2017-06-27,2017-06-27,https://patents.google.com/patent/US9687550B2/en,https://patentimages.storage.googleapis.com/b5/2a/f5/02dd397ceb6c0e/US09687550-20170627-D00001.png
US-9254327-B2,Methods and compositions for delivery of active agents ,"Alnylam Pharmaceuticals, Inc.","Muthiah Manoharan, Kallanthottathil G. Rajeev",2010-05-10,2011-05-10,2016-02-09,2016-02-09,https://patents.google.com/patent/US9254327B2/en,
CA-2708171-C,Folate conjugates ,"Alnylam Pharmaceuticals, Inc., Muthiah Manoharan, Kallanthottathil G. Rajeev, Muthusamy Jayaraman, Jayaprakash K. Narayanannair","Muthiah Manoharan, Kallanthottathil G. Rajeev, Muthusamy Jayaraman, Jayaprakash K. Narayanannair",2007-12-04,2008-12-04,2018-02-27,2018-02-27,https://patents.google.com/patent/CA2708171C/en,
US-2010010066-A1,Optimized Methods For Delivery Of DSRNA Targeting The PCSK9 Gene ,"Kevin Fitzgerald, De Fougerolles Antonin, Akin Akinc, Kotelianski Victor E","Kevin Fitzgerald, Antonin de Fougerolles, Akin Akinc, Victor E. Kotelianski",2008-01-31,2009-06-04,2010-01-14,,https://patents.google.com/patent/US20100010066A1/en,https://patentimages.storage.googleapis.com/34/c5/5c/70ff62e8ae0799/US20100010066A1-20100114-D00008.png
US-8227188-B2,Enhancement of influenza gene expression ,"Alnylam Pharmaceuticals, Inc.","Antonin de Fougerolles, Tatiana Novobrantseva, Pamela Tan, Anke Geicke, Rachel Meyers",2005-11-01,2010-09-03,2012-07-24,2012-07-24,https://patents.google.com/patent/US8227188B2/en,https://patentimages.storage.googleapis.com/e0/36/f0/cd53716379653f/US08227188-20120724-D00001.png
AU-2010223967-B2,Lipid formulated compositions and methods for inhibiting expression of Eg5 and VEGF genes ,"Alnylam Pharmaceuticals, Inc.","Akin Akinc, David Bumcrot, Tatiana Novobrantseva, Dinah Sah",2009-03-12,2010-03-12,2015-07-30,2015-07-30,https://patents.google.com/patent/AU2010223967B2/en,
US-2005239728-A1,"Double stranded rna structures and constructs, and methods for generating and using the same ","Pachuk Catherine J, Satishchandran C, Maninder Chopra","Catherine Pachuk, C. Satishchandran, Maninder Chopra",2002-07-31,2003-07-31,2005-10-27,,https://patents.google.com/patent/US20050239728A1/en,https://patentimages.storage.googleapis.com/7d/ad/78/24d3595aa2e89f/US20050239728A1-20051027-D00001.png
US-2008039415-A1,Retrograde transport of sirna and therapeutic uses to treat neurologic disorders ,"Gregory Robert Stewart, Dinah Sah","Gregory Robert Stewart, Dinah Sah",2006-08-11,2006-08-11,2008-02-14,,https://patents.google.com/patent/US20080039415A1/en,
JP-4981681-B2,Workaround immune response to an immune response inducing composition and methods as well as oligonucleotide agent such as short interfering rna in a mammal ,"アルナイラム  ファーマシューティカルズ，  インコーポレイテッドＡｌｎｙｌａｍ  Ｐｈａｒｍａｃｅｕｔｉｃａｌｓ，  Ｉｎｃ．, エンドレス、シュテファンＥＮＤＲＥＳ，Ｓｔｅｆａｎ, ハルトマン、グンターＨＡＲＴＭＡＮＮ，Ｇｕｎｔｈｅｒ, ホルヌング、ファイトＨＯＲＮＵＮＧ，Ｖｅｉｔ","エンドレス、シュテファン, フォージロールズ、アントニン デ, ハルトマン、グンター, ホルヌング、ファイト",2004-12-09,2005-12-09,2012-07-25,2012-07-25,https://patents.google.com/patent/JP4981681B2/en,https://patentimages.storage.googleapis.com/dc/85/c2/0bcd16866b81b6/0004981681-13.png
US-2011097707-A1,RNAi Agents Comprising Universal Nucleobases ,"Alnylam Pharmaceuticals, Inc.","Muthiah Manoharan, Kallanthottathil G. Rajeev",2004-07-21,2010-10-29,2011-04-28,,https://patents.google.com/patent/US20110097707A1/en,https://patentimages.storage.googleapis.com/18/ef/d4/9edb46f489131b/US20110097707A1-20110428-D00000.png
AU-2009324534-B2,GNAQ targeted dsRNA compositions and methods for inhibiting expression ,"Alnylam Pharmaceuticals, Inc.","David Bumcrot, Jared Gollob, Gregory Hinkle, Ivanka Toudjarska",2008-12-10,2009-12-10,2015-07-30,2015-07-30,https://patents.google.com/patent/AU2009324534B2/en,
JP-5530933-B2,Compositions for the vii factor gene expression inhibition and methods ,アルナイラム  ファーマシューティカルズ，  インコーポレイテッドＡｌｎｙｌａｍ  Ｐｈａｒｍａｃｅｕｔｉｃａｌｓ，  Ｉｎｃ．,"フォーグロールズ，  アントニン デ, タチアナ ノボブラントセバ，, アキン アキンク，",2007-12-10,2008-12-10,2014-06-25,2014-06-25,https://patents.google.com/patent/JP5530933B2/en,https://patentimages.storage.googleapis.com/JP5530933B2/0005530933.png
US-2013323269-A1,Methods and compositions for delivery of active agents ,"Muthiah Manoharan, Kallanthotthathil G. Rajeev, Muthusamy Jayaraman, Michael E. Jung","Muthiah Manoharan, Kallanthotthathil G. Rajeev, Muthusamy Jayaraman, Michael E. Jung",2010-07-30,2011-07-29,2013-12-05,,https://patents.google.com/patent/US20130323269A1/en,https://patentimages.storage.googleapis.com/2e/bf/ca/df230dee1a2d4b/US20130323269A1-20131205-D00001.png
US-2011251257-A1,Methods and compositions for treating neurological disease ,"Muthiah Manoharan, Neil Aronin","Muthiah Manoharan, Neil Aronin",2005-08-18,2010-10-08,2011-10-13,,https://patents.google.com/patent/US20110251257A1/en,https://patentimages.storage.googleapis.com/7e/b0/e5/6f928aab494ca1/US20110251257A1-20111013-D00001.png
US-9290760-B2,Modified iRNA agents ,"Alnylam Pharmaceuticals, Inc.","Kallanthottathil G. Rajeev, Tracy Zimmermann, Muthiah Manoharan, Martin Maier, Kevin Fitzgerald",2010-09-15,2011-09-14,2016-03-22,2016-03-22,https://patents.google.com/patent/US9290760B2/en,https://patentimages.storage.googleapis.com/57/26/ba/6c83adba423e94/US09290760-20160322-D00001.png
AU-2005230684-B2,Process and reagents for oligonucleotide synthesis and purification ,"Alnylam Pharmaceuticals, Inc.","Michael E. Jung, Muthiah Manoharan, Rajendra K. Pandey, Kallanthottathil G. Rajeev, Gang Wang",2004-04-05,2005-04-05,2011-10-06,2011-10-06,https://patents.google.com/patent/AU2005230684B2/en,
US-9701623-B2,Di-aliphatic substituted pegylated lipids ,"Alnylam Pharmaceuticals, Inc., Takeda Pharmaceutical Co. Ltd","Muthiah Manoharan, Kallanthottathil G. Rajeev, Jayaprakash K. Nair, Muthusamy Jayaraman, Satoru Matsumoto",2011-09-27,2012-09-27,2017-07-11,2017-07-11,https://patents.google.com/patent/US9701623B2/en,https://patentimages.storage.googleapis.com/cb/bd/d5/1206477b35b045/US09701623-20170711-D00001.png
CA-2753975-C,Nucleic acid chemical modifications ,"Alnylam Pharmaceuticals, Inc., Muthiah Manoharan, Kallanthottathil G. Rajeev, Alexander V. Kelin, Sudhakar Rao Takkellapati, Shigeo Matsuda","Muthiah Manoharan, Kallanthottathil G. Rajeev, Alexander V. Kelin, Sudhakar Rao Takkellapati, Shigeo Matsuda",2009-03-02,2010-03-02,2017-09-26,2017-09-26,https://patents.google.com/patent/CA2753975C/en,
