search URL:,https://patents.google.com/?assignee=AMICUS+THERAPEUTICS+INC
id,title,assignee,inventor/author,priority date,filing/creation date,publication date,grant date,result link,representative figure link
US-7514453-B2,Method for enhancing mutant protein activity ,Amicus Therapeutics Inc.,"Jian-Qiang Fan, Satoshi Ishii",1998-06-01,2005-10-31,2009-04-07,2009-04-07,https://patents.google.com/patent/US7514453B2/en,
AU-2006247065-B2,A method for the treatment of Pompe disease using 1-deoxynojirimycin derivatives ,"Amicus Therapeutics, Inc.","Robert Boyd, Gary Lee, Benjamin Mugrage, Kamlesh Sheth, Xiaoxiang Zhu",2005-05-17,2006-05-17,2012-03-22,2012-03-22,https://patents.google.com/patent/AU2006247065B2/en,
US-9597324-B2,Treatment of CNS disorders associated with mutations in genes encoding lysosomal enzymes ,"Amicus Therapeutics, Inc.",Brandon Alan Wustman,2005-06-08,2014-10-03,2017-03-21,2017-03-21,https://patents.google.com/patent/US9597324B2/en,https://patentimages.storage.googleapis.com/16/67/93/5090a3fc0094c9/US09597324-20170321-D00001.png
US-9056101-B2,Dosing regimens for the treatment of lysosomal storage diseases using pharmacological chaperones ,"Amicus Therapeutics, Inc.","David J. Lockhart, Brandon Wustman",2007-04-26,2008-04-28,2015-06-16,2015-06-16,https://patents.google.com/patent/US9056101B2/en,https://patentimages.storage.googleapis.com/24/5f/28/9dff9fe2a6729b/US09056101-20150616-D00001.png
US-9402837-B2,Method for the treatment of neurological disorders by enhancing the activity of β-glucocerebrosidase ,"Amicus Therapeutics, Inc.",Brandon Alan Wustman,2006-06-23,2014-08-26,2016-08-02,2016-08-02,https://patents.google.com/patent/US9402837B2/en,https://patentimages.storage.googleapis.com/bf/1c/89/30fa833221c0c2/US09402837-20160802-D00001.png
US-2010113517-A1,Method for the treatment of fabry disease using pharmacological chaperones ,"Amicus Therapeutics, Inc.",David Palling,2007-03-30,2008-03-28,2010-05-06,,https://patents.google.com/patent/US20100113517A1/en,https://patentimages.storage.googleapis.com/fd/0e/f1/69019987d231ac/US20100113517A1-20100506-D00001.png
US-2010189708-A1,Hydroxy piperidine derivatives to treat gaucher disease ,"Amicus Therapeutics, Inc.","Jian-Qiang Fan, Xiaoxiang Zhu, Kamlesh Sheth",2003-11-12,2010-04-08,2010-07-29,,https://patents.google.com/patent/US20100189708A1/en,https://patentimages.storage.googleapis.com/22/59/ca/44aca74c0b4923/US20100189708A1-20100729-D00000.png
AU-2010308397-B2,Novel compositions for preventing and/or treating lysosomal storage disorders ,"Amicus Therapeutics, Inc.","Robert Boyd, Gary Lee, Philip Rybczynski",2009-10-19,2010-10-05,2016-04-07,2016-04-07,https://patents.google.com/patent/AU2010308397B2/en,
EP-2533050-B3,Treatment Options For Fabry Disease ,"Amicus Therapeutics, Inc., National Institutes Of Health","David Lockhart, Jeff Castelli",2006-05-16,2007-05-16,2015-06-24,2015-06-24,https://patents.google.com/patent/EP2533050B3/en,
EP-1860101-B1,Tartrate sale of isofagomine and methods of use ,"Amicus Therapeutics, Inc.","Benjamin Mugrage, David Palling, Kamlesh A. Sheth, Philip J. Rybczynski",2006-05-24,2007-05-23,2011-04-06,2011-04-06,https://patents.google.com/patent/EP1860101B1/en,https://patentimages.storage.googleapis.com/54/e7/15/34214b81270af9/imgf0001.png
US-9303249-B2,High concentration α-glucosidase compositions for the treatment of Pompe disease ,"Amicus Therapeutics, Inc.","Kenneth Valenzano, John Crowley, Richie Khanna, John Flanagan",2012-03-07,2013-12-13,2016-04-05,2016-04-05,https://patents.google.com/patent/US9303249B2/en,https://patentimages.storage.googleapis.com/91/8f/76/961cd87f19affd/US09303249-20160405-D00001.png
US-9937165-B2,Pharmacological chaperones for treating obesity ,"Amicus Therapeutics, Inc., Universite De Montreal","Jian-Qiang Fan, Kenneth Valenzano, Gary Lee, Michel Bouvier, Patricia René",2005-06-03,2016-05-06,2018-04-10,2018-04-10,https://patents.google.com/patent/US9937165B2/en,https://patentimages.storage.googleapis.com/11/1e/51/ea5eaaf884b345/US09937165-20180410-D00000.png
US-8592362-B2,Method to predict response to pharmacological chaperone treatment of diseases ,"Amicus Therapeutics, Inc.","Elfrida Benjamin, Hung V. Do, Xiaoyang Wu, John Flanagan, Brandon Wustman",2008-02-12,2010-08-12,2013-11-26,2013-11-26,https://patents.google.com/patent/US8592362B2/en,https://patentimages.storage.googleapis.com/14/61/b5/da9c7f78c3c362/US08592362-20131126-D00001.png
US-2015086530-A1,Dosing regimens for the treatment of pompe disease ,"Amicus Therapeutics, Inc.","Douglas Stuart Greene, Kenneth Joseph Valenzano",2012-05-03,2013-05-02,2015-03-26,,https://patents.google.com/patent/US20150086530A1/en,https://patentimages.storage.googleapis.com/af/f6/4c/72cee5e7a7e5c1/US20150086530A1-20150326-D00001.png
EP-2416655-B1,Methods for preventing and/or treating degenerative disorders of the central nervous system ,"Amicus Therapeutics, Inc.","Robert Boyd, Gary Lee",2009-04-09,2010-04-09,2014-06-25,2014-06-25,https://patents.google.com/patent/EP2416655B1/en,https://patentimages.storage.googleapis.com/30/79/5d/de385cb690c0c3/imgf0001.png
AU-2010233188-B2,Methods for preventing and/or treating lysosomal storage disorders ,"Amicus Therapeutics, Inc.","Robert Boyd, Gary Lee",2009-04-09,2010-04-09,2015-07-16,2015-07-16,https://patents.google.com/patent/AU2010233188B2/en,
US-2011268721-A1,"Therapy Regimens, Dosing Regimens And Stable Medicaments For The Treatment Of Pompe Disease ","Amicus Therapeutics, Inc.","Hung V. Do, Ken Valenzano, David J. Lockhart",2008-11-11,2011-05-11,2011-11-03,,https://patents.google.com/patent/US20110268721A1/en,https://patentimages.storage.googleapis.com/f1/5d/f4/512913688808d9/US20110268721A1-20111103-D00001.png
US-9931353-B2,Method for treating cerebral amyloid angiopathy using pharmacological chaperones to increase the activity of gangliosidases ,"Amicus Therapeutics, Inc.","Brandon Alan Wustman, Kenneth Valenzano, Robert Boyd",2009-10-19,2015-05-05,2018-04-03,2018-04-03,https://patents.google.com/patent/US9931353B2/en,https://patentimages.storage.googleapis.com/97/2c/11/5560e7837622c1/US09931353-20180403-D00001.png
AU-2016203817-B2,Novel compositions for preventing and/or treating degenerative disorders of the central nervous system ,"Amicus Therapeutics, Inc.","Robert Boyd, Gary Lee, Philip Rybczynski",2009-10-19,2016-06-08,2017-09-07,2017-09-07,https://patents.google.com/patent/AU2016203817B2/en,
AU-2008254594-B2,New method for preparing isofagomine and its derivatives ,"Amicus Therapeutics, Inc.","Dan Fuerst, Philip J. Rybczynski, Kamlesh A. Sheth, Alexander Tretyakov, Xiaoxiang Zhu",2007-05-22,2008-05-22,2013-06-27,2013-06-27,https://patents.google.com/patent/AU2008254594B2/en,
US-10208299-B2,Highly potent acid alpha-glucosidase with enhanced carbohydrates ,"Amicus Therapeutics, Inc.","Russell Gotschall, Hung V. Do",2014-09-30,2015-09-30,2019-02-19,2019-02-19,https://patents.google.com/patent/US10208299B2/en,https://patentimages.storage.googleapis.com/64/03/64/ba31df4bc00e38/US10208299-20190219-D00001.png
US-2011189710-A1,TREATMENT OF POMPE DISEASE WITH SPECIFIC PHARMACOLOGICAL CHAPERONES AND MONITORING TREATMENT USING SURROGATE MARkERS ,"Amicus Therapeutics, Inc.","Brandon Wustman, Hung V. Do",2008-03-12,2009-03-12,2011-08-04,,https://patents.google.com/patent/US20110189710A1/en,https://patentimages.storage.googleapis.com/6d/5f/a3/3f18170ac24bc0/US20110189710A1-20110804-D00001.png
CA-2836318-C,Methods for coupling targeting peptides onto recombinant lysosomal enzymes for improved treatments of lysosomal storage diseases ,"Callidus Biopharma, Inc., Hung Do, Amicus Therapeutics, Inc.",Hung Do,2011-05-27,2012-05-25,2018-11-27,2018-11-27,https://patents.google.com/patent/CA2836318C/en,
US-9694056-B2,α-galactosidase A and 1-deoxygalactonojirimycin co-formulation ,"Amicus Therapeutics, Inc.","Richie Khanna, Kenneth Joseph Valenzano, Susan Elizabeth Fowles",2012-07-17,2013-07-16,2017-07-04,2017-07-04,https://patents.google.com/patent/US9694056B2/en,https://patentimages.storage.googleapis.com/47/3d/ac/501555728e0096/US09694056-20170704-D00001.png
US-9750733-B2,Compounds for preventing and/or treating lysosomal storage disorders and/or degenerative disorders of the central nervous system ,"Amicus Therapeutics, Inc.","Robert Boyd, Philip J. Rybczynski, Kamlesh Sheth",2012-03-27,2016-10-10,2017-09-05,2017-09-05,https://patents.google.com/patent/US9750733B2/en,https://patentimages.storage.googleapis.com/54/c9/4d/a25e8a097e5fb0/US09750733-20170905-D00000.png
EP-2139323-B1,Treatment of gaucher disease with specific pharmacological chaperones and monitoring treatment using surrogate markers ,"Amicus Therapeutics, Inc.",David Lockhart,2007-04-13,2008-04-11,2013-08-21,2013-08-21,https://patents.google.com/patent/EP2139323B1/en,https://patentimages.storage.googleapis.com/74/bf/ce/cab89fbcc418dd/imgf0001.png
AU-2016204445-B2,Dosing regimens for the treatment of fabry disease ,"Amicus Therapeutics, Inc.","Douglas Stuart Greene, Kenneth Joseph Valenzano",2011-03-11,2016-06-28,2018-03-22,2018-03-22,https://patents.google.com/patent/AU2016204445B2/en,
US-2011136151-A1,Assays for diagnosing and evaluating treatment options for pompe disease ,"Amicus Therapeutics, Inc.","Brandon Wustman, Hung V. Do",2008-03-12,2009-03-12,2011-06-09,,https://patents.google.com/patent/US20110136151A1/en,https://patentimages.storage.googleapis.com/41/bd/38/53d1db2bf1dc52/US20110136151A1-20110609-D00000.png
US-2010197018-A1,Use of substrates as pharmacological chaperones ,"Amicus Therapeutics, Inc.",Benjamin Mugrage,2007-04-13,2008-04-11,2010-08-05,,https://patents.google.com/patent/US20100197018A1/en,https://patentimages.storage.googleapis.com/fc/51/df/1236a72b631ec9/US20100197018A1-20100805-D00000.png
EP-2027137-B1,Imino and amino sugar purification ,"Amicus Therapeutics, Inc.","Michael Major, Robert Peterson, Szymon Kosinski",2005-06-08,2006-06-08,2015-02-18,2015-02-18,https://patents.google.com/patent/EP2027137B1/en,https://patentimages.storage.googleapis.com/d4/c6/35/32be75512610b0/imgf0001.png
US-9999618-B2,Dosing regimens for the treatment of lysosomal storage diseases using pharmacological chaperones ,"Amicus Therapeutics, Inc.","Jeff Castelli, David J. Lockhart",2007-04-26,2016-07-19,2018-06-19,2018-06-19,https://patents.google.com/patent/US9999618B2/en,https://patentimages.storage.googleapis.com/18/f5/ee/9764be1b4d0d23/US09999618-20180619-D00001.png
AU-2015230773-B2,Assays for diagnosing and evaluating treatment options for fabry disease ,Amicus Therapeutics Inc.,"Jeff Castelli, David Lockhart",2006-05-16,2015-09-24,2017-09-28,2017-09-28,https://patents.google.com/patent/AU2015230773B2/en,
ES-2364586-T3,isofagomine tartrate salt and methods of use. ,"Amicus Therapeutics, Inc.","Benjamin Mugrage, David Palling, Philip J. Rybczynski, Kamlesh A. Sheth",2006-05-24,2007-05-23,2011-09-07,2011-09-07,https://patents.google.com/patent/ES2364586T3/en,
US-10227577-B2,Method for selection of high M6P recombinant proteins ,"Amicus Therapeutics, Inc.","Hung V. Do, Russell Gotschall",2016-03-30,2017-03-30,2019-03-12,2019-03-12,https://patents.google.com/patent/US10227577B2/en,https://patentimages.storage.googleapis.com/72/f8/10/4aafe6a7a66c5e/US10227577-20190312-D00001.png
US-9206457-B2,Utilization of pharmacological chaperones to improve manufacturing and purification of biologics ,"Amicus Therapeutics, Inc.",Hung V. Do,2009-05-26,2010-11-22,2015-12-08,2015-12-08,https://patents.google.com/patent/US9206457B2/en,https://patentimages.storage.googleapis.com/09/0a/59/b4e535472fe4c1/US09206457-20151208-D00000.png
US-8321148-B2,Multiple compartment dosing model ,"Amicus Therapeutics, Inc.","Daniel J. Lockhart, David J. Lockhart",2008-10-24,2009-10-23,2012-11-27,2012-11-27,https://patents.google.com/patent/US8321148B2/en,https://patentimages.storage.googleapis.com/ea/c3/e9/866c212e12a4f2/US08321148-20121127-D00001.png
US-9675627-B2,Dosing regimens for treating and/or preventing cerebral amyloidoses ,"Amicus Therapeutics, Inc.",Brandon Alan Wustman,2014-04-14,2015-04-13,2017-06-13,2017-06-13,https://patents.google.com/patent/US9675627B2/en,https://patentimages.storage.googleapis.com/f4/ff/4b/6949922ef6808a/US09675627-20170613-D00001.png
