search URL:,https://patents.google.com/?assignee=ARDELYX+INC
id,title,assignee,inventor/author,priority date,filing/creation date,publication date,grant date,result link,representative figure link
EP-2591354-B1,Compounds and methods for inhibiting phosphate transport ,"Ardelyx, Inc.","Jason G. Lewis, Jeffrey W. Jacobs, Nicholas Reich, Michael R. Leadbetter, Noah Bell, Han-Ting Chang, Tao Chen, Marc Navre, Dominique Charmot, Christopher Carreras, Eric Labonte, Xunxiang Du, Johan Oslob",2010-07-07,2011-07-07,2016-09-07,2016-09-07,https://patents.google.com/patent/EP2591354B1/en,
US-9301951-B2,Compounds and methods for inhibiting phosphate transport ,"Ardelyx, Inc.","Jason G. Lewis, Jeffrey W. Jacobs, Nicholas Reich, Michael R. Leadbetter, Noah Bell, Han-Ting Chang, Tao Chen, Marc Navre, Dominique Charmot, Christopher Carreras, Eric Labonte",2010-07-07,2014-11-07,2016-04-05,2016-04-05,https://patents.google.com/patent/US9301951B2/en,
EP-2590655-B1,Compounds and methods for inhibiting phosphate transport ,"Ardelyx, Inc.","Jason G. Lewis, Jeffrey W. Jacobs, Nicholas Reich, Michael R. Leadbetter, Noah Bell, Han-Ting Chang, Tao Chen, Marc Navre, Dominique Charmot, Christopher Carreras, Eric Labonte",2010-07-07,2011-07-07,2015-06-24,2015-06-24,https://patents.google.com/patent/EP2590655B1/en,
DK-2384318-T3,Compounds and methods for indhibering mediated by NHE antiport for the treatment of diseases associated with or fluidretention saltoverlasting and diseases of the gut ,Ardelyx Inc,"Dominique Charmot, Jeffrey W Jacobs, Michael Robert Leadbetter, Marc Navre, Chris Carreras, Noah Bell",2008-12-31,2009-12-30,2018-02-19,2018-02-19,https://patents.google.com/patent/DK2384318T3/en,
US-9289429-B2,Compounds and methods for inhibiting phosphate transport ,"Ardelyx, Inc.","Jason G. Lewis, Jeffrey W. Jacobs, Nicholas Reich, Michael R. Leadbetter, Noah Bell, Han-Ting Chang, Tao Chen, Marc Navre, Dominique Charmot, Christopher Carreras, Eric Labonte",2010-07-07,2014-07-11,2016-03-22,2016-03-22,https://patents.google.com/patent/US9289429B2/en,
US-8815908-B2,Compounds and methods for inhibiting phosphate transport ,"Ardelyx, Inc.","Jason G. Lewis, Jeffrey W. Jacobs, Nicholas Reich, Michael R. Leadbetter, Noah Bell, Han-Ting Chang, Tao Chen, Marc Navre, Dominique Charmot, Christopher Carreras, Eric Labonte",2010-07-07,2013-01-04,2014-08-26,2014-08-26,https://patents.google.com/patent/US8815908B2/en,
AU-2013304813-B2,Compounds and methods for inhibiting NHE-mediated antiport in the treatment of disorders associated with fluid retention or salt overload and gastrointestinal tract disorders ,"Ardelyx, Inc.","Noah Bell, Christopher Carreras, Dominique Charmot, Tao Chen, Jeffrey Jacobs, Michael Leadbetter, Jason Lewis",2012-08-21,2013-08-20,2016-08-04,2016-08-04,https://patents.google.com/patent/AU2013304813B2/en,
AU-2013304812-B2,Compounds and methods for inhibiting NHE-mediated antiport in the treatment of disorders associated with fluid retention or salt overload and gastrointestinal tract disorders ,"Ardelyx, Inc.","Noah Bell, Christopher Carreras, Jeffrey Jacobs, Michael Leadbetter, Jason Lewis",2012-08-21,2013-08-20,2016-06-09,2016-06-09,https://patents.google.com/patent/AU2013304812B2/en,
US-2015148311-A1,Non-systemic tgr5 agonists ,"Ardelyx, Inc.","Jason G. Lewis, Nicholas Reich, Tao Chen, Jeffrey W. Jacobs, Dominique Charmot, Marc Navre, Patricia Finn, Christopher Carreras, Andrew Spencer",2011-12-21,2014-06-20,2015-05-28,,https://patents.google.com/patent/US20150148311A1/en,https://patentimages.storage.googleapis.com/c9/88/b1/4da7ed592d9816/US20150148311A1-20150528-D00001.png
US-10272079-B2,NHE3-binding compounds and methods for inhibiting phosphate transport ,"Ardelyx, Inc.","Christopher Carreras, Dominique Charmot, Jeffrey W Jacobs, Eric Labonte, Jason G. Lewis",2013-04-12,2014-04-10,2019-04-30,2019-04-30,https://patents.google.com/patent/US10272079B2/en,https://patentimages.storage.googleapis.com/4d/3c/c9/51843777b91491/US10272079-20190430-D00001.png
US-9655921-B2,Compositions and methods for treating hyperkalemia ,"Ardelyx, Inc.","Dominique Charmot, James P. Davidson, Fangling Lin, Jeffrey W. Jacobs, Natalia Blinova, Eric Labonte, Ingrid Langsetmo, Robert C. Blanks",2014-12-23,2015-12-22,2017-05-23,2017-05-23,https://patents.google.com/patent/US9655921B2/en,https://patentimages.storage.googleapis.com/5c/85/51/ef9db6f7cf3c46/US09655921-20170523-D00001.png
US-9433640-B2,Compositions and methods for treating hyperkalemia ,"Ardelyx, Inc.","Dominique Charmot, James P. Davidson, Fangling Lin, Jeffrey W. Jacobs, Natalia Blinova, Eric Labonte, Ingrid Langsetmo, Robert C. Blanks",2014-12-23,2016-02-24,2016-09-06,2016-09-06,https://patents.google.com/patent/US9433640B2/en,https://patentimages.storage.googleapis.com/19/80/c9/784593aaed06e7/US09433640-20160906-D00001.png
EP-3030252-B1,Compounds and methods for inhibiting phosphate transport ,"Ardelyx, Inc.","Dominique Charmot, Jason G. Lewis, Jeffrey W. Jacobs, Ingrid LANGSETMO, Christopher Carreras",2013-08-09,2014-08-08,2018-11-07,2018-11-07,https://patents.google.com/patent/EP3030252B1/en,https://patentimages.storage.googleapis.com/6e/53/d1/3d74cf4a66db80/imgf0001.png
WO-2018039386-A1,Hormone receptor modulators for treating metabolic conditions and disorders ,"Ardelyx, Inc.","Jianhua Chao, Rakesh Jain, Lily HU, Jason Gustaf Lewis, Helene Baribault, Jeremy Caldwell",2016-08-23,2017-08-23,2018-03-01,,https://patents.google.com/patent/WO2018039386A1/en,
KR-20180120672-A,Substituted 4-phenylpyridine compound as a non-protonic TGR5 agonist ,"알데릭스, 인코포레이티드","제이슨 지. 루이스, 마이클 로버츠 리드베터, 제레미 콜드웰, 딘 드래골리, 노아 벨, 제프리 더블유. 제이콥스, 패트리샤 핀, 라케쉬 자인, 타오 첸, 매튜 시걸",2015-12-18,2016-12-19,2018-11-06,,https://patents.google.com/patent/KR20180120672A/en,https://patentimages.storage.googleapis.com/02/af/5d/5ae94c933b32a0/pct00356.png
US-2017340623-A1,Compounds and methods for inhibiting nhe-mediated antiport in the treatment of disorders associated with fluid retention or salt overload and gastrointestinal tract disorders ,"Ardelyx, Inc.","Dominique Charmot, Marc Navre, Christopher Carreras, Noah Bell, Michael Robert Leadbetter, Jeffrey W. Jacobs, Irina DOTSENKO, Dean Dragoli, Ying He, Andrew King, Jason Lewis, Matthew Siegel",2008-12-31,2017-01-09,2017-11-30,,https://patents.google.com/patent/US20170340623A1/en,https://patentimages.storage.googleapis.com/1c/d1/1b/9d177bac6c23a7/US20170340623A1-20171130-D00001.png
US-2017368004-A1,Compounds and methods for inhibiting nhe-mediated antiport in the treatment of disorders associated with fluid retention or salt overload and gastrointestinal tract disorders ,"Ardelyx, Inc","Noah Bell, Christopher Carreras, Michael Robert Leadbetter, Jason Gustaf Lewis, Jeffrey W. Jacobs, Irina DOTSENKO, Dean Dragoli, Ying He, Andrew King, Matthew Siegel",2012-08-21,2017-01-09,2017-12-28,,https://patents.google.com/patent/US20170368004A1/en,https://patentimages.storage.googleapis.com/52/5d/99/3f65705a244771/US20170368004A1-20171228-D00000.png
WO-2018039384-A1,Isoxazolyl-carbonyloxy azabicyclo[3.2.1]octanyl compounds as fxr activators ,"Ardelyx, Inc.","Jianhua Chao, Rakesh Jain, Lily HU, Jason Gustaf Lewis, Helene Baribault, Jeremy Caldwell",2016-08-23,2017-08-23,2018-03-01,,https://patents.google.com/patent/WO2018039384A1/en,
AR-095852-A1,NHE3 binding compounds and methods for inhibiting phosphate transport ,Ardelyx Inc,"W Jacobs Jeffrey, Charmot Dominique, Labonte Eric, g lewis Jason, Carreras Christopher",2013-04-12,2014-04-11,2015-11-18,,https://patents.google.com/patent/AR095852A1/en,
AR-107141-A1,Compounds substituted 4-phenylpyridine-as TGR5 agonists nonsystemic ,Ardelyx Inc,"Siegel Matthew, Chen Tao, Jain Rekesh, Finn Patricia, W Jacobs Jeffrey, Bell Noah, Dragoli Dean, Caldwell Jeremy, Robert Leadbetter Michael, g lewis Jason",2015-12-18,2016-12-19,2018-03-28,,https://patents.google.com/patent/AR107141A1/en,
WO-2019060051-A1,Glycyrrhetinic acid derivatives for treating hyperkalemia ,"Ardelyx, Inc.","Gary Luehr, Dean Dragoli, Michael Leadbetter, Tao Chen, Jason Lewis",2017-08-04,2018-08-06,2019-03-28,,https://patents.google.com/patent/WO2019060051A1/en,
WO-2019055808-A1,Hormone receptor modulators for treating metabolic mutagenic and fibrotic conditions and disorders ,"Ardelyx, Inc.",Jianhua Chao,2017-09-14,2018-09-14,2019-03-21,,https://patents.google.com/patent/WO2019055808A1/en,
WO-2018204918-A1,Treatment of hepatic disorders ,"Ardelyx, Inc.","Patricia FINN, Andrew King, Jason Lewis",2017-05-05,2018-05-07,2018-11-08,,https://patents.google.com/patent/WO2018204918A1/en,
WO-2018129557-A1,Inhibitors of nhe-mediated antiport ,"Ardelyx, Inc.","Irina DOTSENKO, Dean Dragoli, Jason Lewis",2017-01-09,2018-01-09,2018-07-12,,https://patents.google.com/patent/WO2018129557A1/en,
WO-2018129552-A1,Compounds useful for treating gastrointestinal tract disorders ,"Ardelyx, Inc.","Dean Dragoli, Irina DOTSENKO, Jason Lewis",2017-01-09,2018-01-09,2018-07-12,,https://patents.google.com/patent/WO2018129552A1/en,
WO-2018129556-A1,Compounds and methods for inhibiting nhe-mediated antiport in the treatment of disorders associated with fluid retention or salt overload and gastrointestinal tract disorders ,"Ardelyx, Inc.","Dominique Charmot, Marc Navre, Christopher Carreras, Noah Bell, Michael R. Leadbetter, Jeffrey W. Jacobs, Irina DOTSENKO, Dean Dragoli, Ying He, Andrew King, Jason Lewis, Matthew SIEGEL",2017-01-09,2018-01-09,2018-07-12,,https://patents.google.com/patent/WO2018129556A1/en,
