search URL:,https://patents.google.com/?assignee=ARGOS+THERAPEUTICS+INC
id,title,assignee,inventor/author,priority date,filing/creation date,publication date,grant date,result link,representative figure link
US-7923247-B2,Method for in vitro proliferation of dendritic cell precursors and their use to produce immunogens ,"Argos Therapeutics, Inc., The Rockefeller University","Ralph M. Steinman, Kayo Inaba, Gerold Schuler",1992-04-01,2008-07-17,2011-04-12,2011-04-12,https://patents.google.com/patent/US7923247B2/en,https://patentimages.storage.googleapis.com/f2/e8/6f/e6d34f2fc16b24/US07923247-20110412-D00001.png
US-6274378-B1,Methods and compositions for obtaining mature dendritic cells ,The Rockefeller University,"Ralph M. Steinman, Nina Bhardwaj, Gerold Schuler",1997-10-27,1998-10-27,2001-08-14,2001-08-14,https://patents.google.com/patent/US6274378B1/en,https://patentimages.storage.googleapis.com/77/24/93/e62f40ed7f3022/US6274378-drawings-page-7.png
US-9409178-B2,Processing containers ,"Argos Therapeutics, Inc.","Simon Jonathon Spence, Richard Alexander Grant, Timothy Doyle Peele, William Samuel Hunter, Ashraf F. Abdelmoteleb, David Thomas Kneen, Robert Alister Neil, Simon Harris",2006-01-18,2015-04-21,2016-08-09,2016-08-09,https://patents.google.com/patent/US9409178B2/en,https://patentimages.storage.googleapis.com/65/84/78/297fcee0b61317/US09409178-20160809-D00000.png
AU-2008201685-B2,CD4+CD25+ regulatory T cells from human blood ,"Argos Therapeutics, Inc.","Detlef Dieckmann, Gerold Schuler",2001-03-12,2008-04-16,2011-03-31,2011-03-31,https://patents.google.com/patent/AU2008201685B2/en,
EP-1311658-B1,"Method for producing ready to use, antigen loaded or unloaded, cryoconserved mature dendritic cells ","Argos Therapeutics, Inc.","Gerold Schuler, Beatrice Schuler-Thurner",2000-08-24,2001-08-24,2008-10-15,2008-10-15,https://patents.google.com/patent/EP1311658B1/en,https://patentimages.storage.googleapis.com/7d/2f/93/bf6d1a2f6af957/imgf0001.png
US-7659119-B2,Method and compositions for obtaining mature dendritic cells ,"Argos Therapeutics, Inc., The Rockefeller University","Ralph M. Steinman, Nina Bhardwaj, Gerold Schuler",1996-02-12,1996-02-12,2010-02-09,2010-02-09,https://patents.google.com/patent/US7659119B2/en,https://patentimages.storage.googleapis.com/a7/24/f8/f894741505cc34/US7659119-drawings-page-6.png
US-2017096640-A1,Mature Dendritic Cell Compositions and Methods for Culturing Same ,"Argos Therapeutics, Inc.","Don Healey, Irina Tcherepanova, Melissa Adams",2004-10-07,2016-12-20,2017-04-06,,https://patents.google.com/patent/US20170096640A1/en,https://patentimages.storage.googleapis.com/30/88/7f/03e5e1fda55584/US20170096640A1-20170406-D00001.png
AU-2002257648-A1,CD4+CD25+ regulatory T cells from human blood ,"Argos Therapeutics, Inc.","Detlef Dieckmann, Gerold Schuler",2001-03-12,2002-03-12,2003-03-20,,https://patents.google.com/patent/AU2002257648A1/en,
US-2009226404-A1,Methods for Generating Antigen-Specific Effector T Cells ,"Argos Therapeutics, Inc.","Gerold Schuler, Jan Dörrie, Niels Schaft",2005-12-09,2006-12-11,2009-09-10,,https://patents.google.com/patent/US20090226404A1/en,https://patentimages.storage.googleapis.com/US20090226404A1/US20090226404A1-20090910-D00001.png
US-RE46152-E,Dendritic cell compositions and methods ,"Argos Therapeutics, Inc.","Rebecca POGUE, Tamara Monesmith, Irina Tcherepanova, Lois Dinterman",2005-04-08,2006-04-07,2016-09-20,2016-09-20,https://patents.google.com/patent/USRE46152E1/en,https://patentimages.storage.googleapis.com/81/0d/9c/50c10c6d270433/USRE046152-20160920-D00001.png
WO-2006046978-A2,Cationic peptide-mediated transformation ,"Argos Therapeutics, Inc.","Charles Nicolette, Irina Tcherepanova",2004-06-28,2005-06-28,2006-05-04,,https://patents.google.com/patent/WO2006046978A2/en,
CA-2876618-C,"Devices, systems and related methods suitable for delivery of a liquid medicament stored at cryogenic temperatures ","Argos Therapeutics, Inc., Richard Alexander Grant, Christopher John Leigh-Lancaster, Andrew Zipsin, Timothy Doyle Peele, Ian S. Fitzpatrick","Richard Alexander Grant, Christopher John Leigh-Lancaster, Andrew Zipsin, Timothy Doyle Peele, Ian S. Fitzpatrick",2005-10-13,2006-10-13,2018-07-17,2018-07-17,https://patents.google.com/patent/CA2876618C/en,
US-10184108-B2,Mature dendritic cell compositions and methods for culturing same ,"Argos Therapeutics, Inc.","Don Healey, Irina Tcherepanova, Melissa Adams, Mark DeBenedette",2004-10-07,2016-12-19,2019-01-22,2019-01-22,https://patents.google.com/patent/US10184108B2/en,https://patentimages.storage.googleapis.com/e7/42/5f/c70cc32ef7cae4/US10184108-20190122-D00001.png
US-2004110673-A1,Use of soluble forms of CD83 and nucleic acids encoding them for the treatment or prevention of diseases ,"Alexander Steinkasserer, Matthias Lechmann, Elisabeth Zinser","Alexander Steinkasserer, Matthias Lechmann, Elisabeth Zinser",2002-12-04,2003-03-06,2004-06-10,,https://patents.google.com/patent/US20040110673A1/en,https://patentimages.storage.googleapis.com/a7/e0/29/b266bfe9c9519a/US20040110673A1-20040610-D00001.png
US-7785583-B2,In situ maturation of dendritic cells ,"Argos Therapeutics, Inc., Duke University","Eli Gilboa, Smita Nair",2002-12-10,2003-12-10,2010-08-31,2010-08-31,https://patents.google.com/patent/US7785583B2/en,https://patentimages.storage.googleapis.com/3b/70/ca/11b53aee4c150b/US07785583-20100831-D00001.png
US-8124099-B2,Soluble CD83 proteins and use thereof for the treatment and prevention of a disease or medical condition caused by dysfunction or undesired function of a cellular immune response involving T cells ,"Argos Therapeutics, Inc.","Alexander Steinkasserer, Matthias Lechmann, Elisabeth Zinser",2002-12-04,2007-01-30,2012-02-28,2012-02-28,https://patents.google.com/patent/US8124099B2/en,
EP-2254998-B1,"Transient expression of immunomodulatory polypeptides for the prevention and treatment of autoimmune disease, allergy and transplant rejection ","Argos Therapeutics, Inc., The Board of Trustees of the Leland Stanford Junior University","Charles Nicolette, C. Garrison Fathman, Remi Creusot",2008-02-28,2009-02-27,2015-12-23,2015-12-23,https://patents.google.com/patent/EP2254998B1/en,https://patentimages.storage.googleapis.com/eb/80/d7/0b534105ca4e2d/imgf0001.png
US-9879053-B2,Strain-independent amplification of pathogens and vaccines thereto ,"Argos Therapeutics, Inc.","Charles Nicolette, Irina Tcherepanova, Jason Harris, Donald Healey",2004-09-14,2015-03-16,2018-01-30,2018-01-30,https://patents.google.com/patent/US9879053B2/en,https://patentimages.storage.googleapis.com/cb/26/b6/9e0f9698f2bfc4/US09879053-20180130-D00001.png
AU-2013215525-B2,Centrifuge vessels suitable for live cell processing and associated systems and methods ,"Argos Therapeutics, Inc.","Arjun V. CAPRIHAN, Ian S. Fitzpatrick, Richard A. Grant, Christopher John Leigh-Lancaster, Tamara Tatroe MONESMITH, Christopher Thomas Ryan",2012-01-31,2013-01-22,2017-02-16,2017-02-16,https://patents.google.com/patent/AU2013215525B2/en,
US-2007248578-A1,Mrna Transfected Antigen Presenting Cells ,"Argos Therapeutics, Inc.",Irina Tcherepanova,2003-11-25,2004-11-24,2007-10-25,,https://patents.google.com/patent/US20070248578A1/en,https://patentimages.storage.googleapis.com/67/91/e6/edc4d470dc4177/US20070248578A1-20071025-D00000.png
US-9732140-B2,Use of soluble forms of CD83 and nucleic acids encoding them for the treatment or prevention of diseases ,"Argos Therapeutics, Inc.","Alexander Steinkasserer, Matthias Lechmann, Elisabeth Zinser",2002-11-19,2014-06-17,2017-08-15,2017-08-15,https://patents.google.com/patent/US9732140B2/en,https://patentimages.storage.googleapis.com/ad/de/86/325ad28a85f57a/US09732140-20170815-D00001.png
US-8222033-B2,CD4+CD25− T cells and Tr1-like regulatory T cells ,"Argos Therapeutics, Inc.","Gerold Schuler, Detlef Dieckmann",2002-08-12,2003-07-11,2012-07-17,2012-07-17,https://patents.google.com/patent/US8222033B2/en,https://patentimages.storage.googleapis.com/76/aa/f9/fb61b1b600b2be/US08222033-20120717-D00001.png
US-8361463-B2,Humanized antibodies against human interferon-alpha ,"Argos Therapeutics, Inc.","Lars Anders Svensson, Soren Padkjaer, Birgitte Friedrichsen, Berit Olsen Krogh, Inger Lund Pedersen",2008-05-07,2012-02-01,2013-01-29,2013-01-29,https://patents.google.com/patent/US8361463B2/en,https://patentimages.storage.googleapis.com/03/56/da/7604610ff32005/US08361463-20130129-D00001.png
US-10006901-B2,CD4+CD25+ regulatory T cells from human blood ,"Argos Therapeutics, Inc.","Gerold Schuler, Detlef Dieckmann",2001-03-12,2012-06-22,2018-06-26,2018-06-26,https://patents.google.com/patent/US10006901B2/en,https://patentimages.storage.googleapis.com/15/3b/99/535ab2062c2e69/US10006901-20180626-D00001.png
EP-2051987-B1,Use of cd83 in combination therapies ,"Argos Therapeutics, Inc.","Charles Nicolette, Stephen Brand, Zhen Zhong, Hao Wang, Jacqueline Arp, Siobhan Ramcharran, Mirin Lorea Baroja",2006-08-18,2007-08-16,2014-11-19,2014-11-19,https://patents.google.com/patent/EP2051987B1/en,https://patentimages.storage.googleapis.com/c7/07/56/c5c2e0f275c1d3/imgf0001.png
US-2017065690-A1,Tscm CELLS AND METHODS FOR USE ,"Argos Therapeutics, Inc.","Mark DeBenedette, Charles Nicolette, Joseph Horvatinovich",2014-02-21,2015-02-20,2017-03-09,,https://patents.google.com/patent/US20170065690A1/en,https://patentimages.storage.googleapis.com/ea/ac/e2/0093fbc7a080ca/US20170065690A1-20170309-D00001.png
US-9970068-B2,"Primers and probes for the amplification and detection of HIV GAG, REV and NEF polynucleotides ","Argos Therapeutics, Inc.","Irina Tcherepanova, Aijing Starr, Brad Lackford",2007-07-30,2012-05-24,2018-05-15,2018-05-15,https://patents.google.com/patent/US9970068B2/en,https://patentimages.storage.googleapis.com/f1/15/90/70b4ddfdd3c7f4/US09970068-20180515-D00001.png
EP-2288387-B1,"Novel soluble cd83 polypeptides, formulations and methods of use ","Argos Therapeutics, Inc.","Stephen Brand, Chih-Hsiung Chou, Murray Moo-Young",2008-05-23,2009-05-22,2013-02-13,2013-02-13,https://patents.google.com/patent/EP2288387B1/en,https://patentimages.storage.googleapis.com/43/85/5c/ea61ba14daddbf/imgf0001.png
US-2009274669-A1,Dendritic Cells Transiently Transfected with a Membrane Homing Polypeptide and their use ,"Gerold Schuler, Niels Schaft, Doerrie Jan","Gerold Schuler, Niels Schaft, Jan Dörrie",2006-02-22,2007-02-22,2009-11-05,,https://patents.google.com/patent/US20090274669A1/en,https://patentimages.storage.googleapis.com/US20090274669A1/US20090274669A1-20091105-D00001.png
US-2002085993-A1,Method for in vitro proliferation of dendritic cell precursors and their use to produce immunogens ,"Ralph M. Steinman, Kayo Inaba, Gerold Schuler","Ralph M. Steinman, Kayo Inaba, Gerold Schuler",1992-11-25,1998-05-06,2002-07-04,,https://patents.google.com/patent/US20020085993A1/en,https://patentimages.storage.googleapis.com/b2/2f/d5/e9d1bbea15695d/US20020085993A1-20020704-D00001.png
AU-2013237703-B2,Use of cd83 in combination therapies ,"Argos Therapeutics, Inc.","Jacqueline Arp, Mirin Lorea Baroja, Stephen Brand, Charles Nicolette, Siobhan Ramcharran, Hao Wang, Zhen Zhong",2006-08-18,2013-10-03,2016-03-24,2016-03-24,https://patents.google.com/patent/AU2013237703B2/en,
WO-2019094458-A1,Methods and uses for dendritic cell therapy ,"Argos Therapeutics, Inc.","Charles Nicolette, Mark Debenedette, Joseph HORVATINOVICH, Alex DUSEK, Tamara Monesmith",2017-11-07,2018-11-07,2019-05-16,,https://patents.google.com/patent/WO2019094458A1/en,
WO-2018085617-A1,Bispecific antibodies that modulate tlr-4 signaling and uses thereof ,"Argos Therapeutics, Inc.","Charles Nicolette, Mark Debenedette, Joseph HORVATINOVICH",2016-11-07,2017-11-03,2018-05-11,,https://patents.google.com/patent/WO2018085617A1/en,
AU-2011203204-A1,CD4+CD25+ regulatory T cells from human blood ,"Argos Therapeutics, Inc.","Detlef Dieckmann, Gerold Schuler",2001-03-12,2011-06-30,2011-07-21,,https://patents.google.com/patent/AU2011203204A1/en,
WO-2019014306-A3,"Automated processing systems, apparatus, methods and related devices ","Argos Therapeutics, Inc.","Wilfred Lawrence BAUWENS, Yvette M. BEBEN, Chia-Hen Chiang, Thomas Sanelli CRUGNALE, Fernando Peixoto Dias, Phillip James Michael DUNCAN, Ricardo FIGARI BELLO, Michael James FRY, Duncan Paul GILLIS, Grant Richard Towan HOSKING, Stephen Alan Houghton, Stella Louise Knorr, Vasanth MANOHARAN, Tamara Tatroe MONESMITH, Jayne Thanh NGUYEN, Christopher Thomas Ryan, Adrian Charles Ian Scott-Murphy, JR. W. Lee WILLIAMS, Kon Euan Gerard Wong",2017-07-13,2018-07-11,2019-03-07,,https://patents.google.com/patent/WO2019014306A3/en,
CN-101600445-A,Dendritic cells transiently transfected with a membrane homing polypeptide and their use ,阿戈斯治疗公司;麒麟医药株式会社,"G·舒勒, J·德里, N·谢夫特",2006-02-22,2007-02-14,2009-12-09,,https://patents.google.com/patent/CN101600445A/en,
