search URL:,https://patents.google.com/?assignee=AUSPEX+PHARMACEUTICALS+INC
id,title,assignee,inventor/author,priority date,filing/creation date,publication date,grant date,result link,representative figure link
US-7598273-B2,"Inhibitors of the gastric H+, K+-ATPase with enhanced therapeutic properties ","Auspex Pharmaceuticals, Inc","Thomas G. Gant, Sepehr Sarshar",2005-10-06,2006-10-04,2009-10-06,2009-10-06,https://patents.google.com/patent/US7598273B2/en,
US-9498481-B2,Cyclopropyl modulators of P2Y12 receptor ,"Auspex Pharmaceuticals, Inc.","Tadimeti Rao, Chengzhi Zhang",2009-07-27,2015-12-21,2016-11-22,2016-11-22,https://patents.google.com/patent/US9498481B2/en,
US-8383823-B2,Substituted N-aryl pyridinones ,Auspex Pharmaceuticals,"Thomas G. Gant, Sepehr Sarshar",2007-06-20,2008-06-20,2013-02-26,2013-02-26,https://patents.google.com/patent/US8383823B2/en,
US-9493469-B2,Piperidine inhibitors of Janus kinase 3 ,"Auspex Pharmaceuticals, Inc.","Tadimeti Rao, Chengzhi Zhang",2009-04-20,2015-01-14,2016-11-15,2016-11-15,https://patents.google.com/patent/US9493469B2/en,
US-2009131485-A1,Deuterated pirfenidone ,"Concert Pharmaceuticals, Inc.","Julie F. Liu, Yong Dong",2007-09-10,2008-09-10,2009-05-21,,https://patents.google.com/patent/US20090131485A1/en,https://patentimages.storage.googleapis.com/d5/16/9a/a01916e668da8b/US20090131485A1-20090521-D00001.png
US-8252933-B2,"2-oxo-1,2-dihydro-quinoline modulators of immune function ","Teva Pharmaceuticals Industries, Ltd.","Thomas G. Gant, Manouchehr M. Shahbaz",2008-09-03,2009-09-02,2012-08-28,2012-08-28,https://patents.google.com/patent/US8252933B2/en,
AU-2009303758-B8,Benzoquinoline inhibitors of vesicular monoamine transporter 2 ,"Auspex Pharmaceutical, Inc.","Thomas G. Gant, Manoucherhr Shahbaz",2008-09-18,2009-09-18,2015-02-19,2015-02-19,https://patents.google.com/patent/AU2009303758B8/en,
US-7638651-B2,Substituted cyclohexanones ,Auspex Pharmaceuticals,"Thomas G. Gant, Sepehr Sarshar",2007-04-26,2008-04-25,2009-12-29,2009-12-29,https://patents.google.com/patent/US7638651B2/en,
US-2008234229-A1,"Novel Therapeutic Agents for the Treatment of Cancer, Metabolic Diseases and Skin Disorders ","Auspex Pharmaceuticals, Inc.",Sepehr Sarshar,2005-08-18,2006-08-17,2008-09-25,,https://patents.google.com/patent/US20080234229A1/en,
US-2008045558-A1,Preparation and utility of opioid analgesics ,"Auspex Pharmaceuticals, Inc.","Thomas G. Gant, Sepehr Sarshar",2006-08-16,2007-08-16,2008-02-21,,https://patents.google.com/patent/US20080045558A1/en,
US-7531695-B2,"Therapeutic agents for the treatment of cancer, metabolic diseases and skin disorders ","Auspex Pharmaceutical, Inc","Borcherng Hong, Sepehr Sarshar, Bruno Tse",2003-06-23,2004-06-03,2009-05-12,2009-05-12,https://patents.google.com/patent/US7531695B2/en,
US-10166183-B2,Pharmaceutical formulations ,"Auspex Pharmaceuticals, Inc.","Andreas Sommer, Chengzhi Zhang, John Carter, John Arthur, Margaret Bradbury",2014-02-07,2015-02-05,2019-01-01,2019-01-01,https://patents.google.com/patent/US10166183B2/en,https://patentimages.storage.googleapis.com/d8/7d/9f/05a334363298f8/US10166183-20190101-D00001.png
AU-2011261551-B2,Benzoquinolone inhibitors of VMAT2 ,"Auspex Pharmaceutical, Inc.","Thomas G. Gant, Manouchehr Shahbaz, Chengzhi Zhang",2010-06-01,2011-05-31,2016-10-20,2016-10-20,https://patents.google.com/patent/AU2011261551B2/en,
US-2008280991-A1,Substituted naphthalenes ,"Auspex Pharmaceuticals, Inc.","Thomas G. Gant, Sepehr Sarshar",2007-05-08,2008-05-07,2008-11-13,,https://patents.google.com/patent/US20080280991A1/en,
US-2011206782-A1,Piperidine modulators of dopamine receptor ,"Auspex Pharmaceuticals, Inc.",Chengzhi Zhang,2010-02-24,2011-02-15,2011-08-25,,https://patents.google.com/patent/US20110206782A1/en,
US-2008280886-A1,Substituted ureas ,"Auspex Pharmaceuticals, Inc.","Thomas G. Gant, Sepehr Sarshar",2007-05-08,2008-05-08,2008-11-13,,https://patents.google.com/patent/US20080280886A1/en,
US-2014341994-A1,Formulations and pharmacokinetics of deuterated benzoquinoline inhibitors of vesicular monoamine transporter 2 ,"Auspex Pharmaceuticals, Inc.","Andreas Sommer, Chengzhi Zhang, John Carter, John Arthur, Margaret Bradbury, Thomas Gant, Manouchehr Shahbaz",2012-09-18,2014-04-04,2014-11-20,,https://patents.google.com/patent/US20140341994A1/en,https://patentimages.storage.googleapis.com/35/07/a1/4afe772b556946/US20140341994A1-20141120-D00001.png
US-2007281894-A1,Preparation and utility of substituted erythromycin analogs ,"Auspex Pharmaceuticals, Inc.","Thomas G. Gant, Sepehr Sarshar",2006-06-05,2007-05-31,2007-12-06,,https://patents.google.com/patent/US20070281894A1/en,
US-2009291958-A1,Substituted PDE5 inhibitors ,"Auspex Pharmaceuticals, Inc.","Thomas G. Gant, Sepehr Sarshar",2006-06-08,2007-06-07,2009-11-26,,https://patents.google.com/patent/US20090291958A1/en,
CA-2736370-C,Pyrazole carboxamide inhibitors of factor xa ,"Auspex Pharmaceuticals, Inc., Thomas G. Gant, Manoucherhr Shahbaz","Thomas G. Gant, Manoucherhr Shahbaz",2008-09-15,2009-09-14,2016-12-13,2016-12-13,https://patents.google.com/patent/CA2736370C/en,
US-2008242687-A1,Substituted pyrimidines ,"Auspex Pharmaceuticals, Inc.","Thomas G. Gant, Sepehr Sarshar",2007-04-02,2008-04-01,2008-10-02,,https://patents.google.com/patent/US20080242687A1/en,
US-2010167988-A1,Ethoxyphenylmethyl inhibitors of sglt2 ,"Auspex Pharmaceuticals, Inc.","Thomas G. Gant, Manouchehr M. Shahbaz",2008-10-22,2009-10-22,2010-07-01,,https://patents.google.com/patent/US20100167988A1/en,
US-2010069356-A1,"Dibenzothiazepine modulators of dopamine, alpha adrenergic, and serotonin receptors ","Auspex Pharmaceuticals, Inc.","Thomas G. Gant, Sepehr Sarshar",2008-09-17,2009-05-15,2010-03-18,,https://patents.google.com/patent/US20100069356A1/en,
US-7691904-B2,"pH sensitive prodrugs of 2,6-diisopropylphenol ","Auspex Pharmaceuticals, Inc","Subramanian Marappan, Cris Davenport, Sepehr Sarshar",2003-10-24,2007-07-24,2010-04-06,2010-04-06,https://patents.google.com/patent/US7691904B2/en,
US-2010075916-A1,Substituted quinazoline inhibitors of growth factor receptor tyrosine kinases ,"Auspex Pharmaceuticals, Inc.","Thomas G. Gant, Sepehr Sarshar, Manouchehr M. Shahbaz",2008-09-05,2009-09-04,2010-03-25,,https://patents.google.com/patent/US20100075916A1/en,
US-8586760-B2,Aminothiazole modulators of beta-3-adrenoreceptor ,"Auspex Pharmaceuticals, Inc.","Tadimeti Rao, Chengzhi Zhang",2009-06-15,2010-06-09,2013-11-19,2013-11-19,https://patents.google.com/patent/US8586760B2/en,
ES-2549079-T3,Substituted phenethylamines with serotonergic activity and / or norepinefrinérgica ,"Auspex Pharmaceuticals, Inc.","Thomas G. Gant, Sepehr Sarshar",2005-12-01,2006-11-30,2015-10-22,2015-10-22,https://patents.google.com/patent/ES2549079T3/en,
US-7863308-B2,Substituted thiophenes ,"Auspex Pharmaceuticals, Inc.","Thomas G. Gant, Sepehr Sarshar",2007-04-10,2008-04-10,2011-01-04,2011-01-04,https://patents.google.com/patent/US7863308B2/en,
EP-2081893-B1,Substituted indoles ,"Auspex Pharmaceuticals, Inc.","Thomas G. Gant, Sepehr Sarshar",2006-10-19,2007-10-19,2011-03-23,2011-03-23,https://patents.google.com/patent/EP2081893B1/en,
US-2009028873-A1,Substituted cyclohexanols ,"Auspex Pharmaceuticals, Inc.","Thomas G. Gant, Sepehr Sarshar",2007-07-27,2008-07-25,2009-01-29,,https://patents.google.com/patent/US20090028873A1/en,
CA-2680912-C,Substituted phenethylamines with serotoninergic and/or norepinephrinergic activity ,"Auspex Pharmaceuticals, Inc., Thomas G. Gant, Sepehr Sarshar, Soon Hyung Woo","Thomas G. Gant, Sepehr Sarshar, Soon Hyung Woo",2007-03-15,2008-03-13,2017-11-14,2017-11-14,https://patents.google.com/patent/CA2680912C/en,
US-2010291151-A1,"1-methylpyrazole modulators of substance p, calcitonin gene-related peptide, adrenergic receptor, and/or 5-ht receptor ","Auspex Pharmaceuticals, Inc.","Thomas G. Gant, Sepehr Sarshar",2009-04-21,2010-04-21,2010-11-18,,https://patents.google.com/patent/US20100291151A1/en,
US-2008132555-A1,Preparation and utility of substituted phenyltetrazoles ,"Auspex Pharmaceuticals, Inc.","Thomas G. Gant, Sepehr Sarshar",2006-11-28,2007-11-28,2008-06-05,,https://patents.google.com/patent/US20080132555A1/en,
US-7589239-B2,"Therapeutic agents for the treatment of cancer, metabolic diseases and skin disorders ",Auspex Pharmaceuticals,Sepehr Sarshar,2005-09-02,2006-08-31,2009-09-15,2009-09-15,https://patents.google.com/patent/US7589239B2/en,
US-2009022706-A1,Substituted cyclohexenes ,"Auspex Pharmaceuticals, Inc.","Thomas G. Gant, Sepehr Sarshar, Chengzhi Zhang",2007-07-20,2008-07-18,2009-01-22,,https://patents.google.com/patent/US20090022706A1/en,
US-9526711-B2,Biphenyl-3-carboxylic acid modulators of beta-3-adrenoreceptor ,"Auspex Pharmaceuticals, Inc.",Chengzhi Zhang,2009-04-10,2016-06-14,2016-12-27,2016-12-27,https://patents.google.com/patent/US9526711B2/en,
US-8575348-B2,Quinolone inhibitors of lipoprotein-associated phospholipase A2 ,"Auspex Pharmaceuticals, Inc","Tadimeti Rao, Chengzhi Zhang",2009-07-28,2010-07-28,2013-11-05,2013-11-05,https://patents.google.com/patent/US8575348B2/en,
EP-2155697-B1,Substituted piperazines ,"Auspex Pharmaceuticals, Inc.","Thomas G. Gant, Sepehr Sarshar",2007-06-13,2008-06-12,2012-11-28,2012-11-28,https://patents.google.com/patent/EP2155697B1/en,
US-2010167989-A1,Isopropoxyphenylmethyl inhibitors of sglt2 ,"Auspex Pharmaceuticals, Inc.",Thomas G. Gant,2008-10-23,2009-10-23,2010-07-01,,https://patents.google.com/patent/US20100167989A1/en,
US-2009191183-A1,Substituted indoles ,"Auspex Pharmaceuticals, Inc.","Thomas G. Gant, Sepehr Sarshar",2007-07-30,2008-07-29,2009-07-30,,https://patents.google.com/patent/US20090191183A1/en,
US-2011206661-A1,Trimethoxyphenyl inhibitors of tyrosine kinase ,"Auspex Pharmaceuticals, Inc.","Chengzhi Zhang, Andreas Sommer",2010-02-24,2011-02-18,2011-08-25,,https://patents.google.com/patent/US20110206661A1/en,
US-2008146573-A1,Preparation and utility of substituted oxzolidinones ,"Auspex Pharmaceuticals, Inc.","Thomas G. Gant, Sepehr Sarshar",2006-12-04,2007-12-03,2008-06-19,,https://patents.google.com/patent/US20080146573A1/en,
US-9018232-B2,Substituted N-aryl pyridinones ,"Auspex Pharmaceuticals, Inc.",Chengzhi Zhang,2011-03-08,2012-03-06,2015-04-28,2015-04-28,https://patents.google.com/patent/US9018232B2/en,
US-7772248-B2,Preparation and utility of substituted imidazopyridine compounds with hypnotic effects ,"Auspex Pharmaceuticals, Inc.","Thomas G. Gant, Sepehr Sarshar",2006-06-05,2007-05-30,2010-08-10,2010-08-10,https://patents.google.com/patent/US7772248B2/en,
US-7745665-B2,Substituted phenethylamines ,"Auspex Pharmaceuticals, Inc.","Thomas G. Gant, Sepehr Sarshar",2007-06-04,2008-06-03,2010-06-29,2010-06-29,https://patents.google.com/patent/US7745665B2/en,
US-2008255200-A1,Substituted benzimidazoles ,"Auspex Pharmaceuticals, Inc.","Thomas G. Gant, Sepehr Sarshar",2007-04-11,2008-04-10,2008-10-16,,https://patents.google.com/patent/US20080255200A1/en,
US-2011257260-A1,"3,4-methylenedioxyphenyl inhibitors of gaba aminotransferase and/or gaba reuptake transporter inhibitor ","Auspex Pharmaceuticals, Inc.","Tadimeti Rao, Chengzhi Zhang",2009-07-21,2010-07-20,2011-10-20,,https://patents.google.com/patent/US20110257260A1/en,
US-2010172916-A1,Substituted hydroxyphenylamine compounds ,"Auspex Pharmaceuticals, Inc.","Thomas G. Gant, Craig Hodulik, Soon Woo",2008-11-10,2009-11-09,2010-07-08,,https://patents.google.com/patent/US20100172916A1/en,
US-2008039473-A1,Preparation and utility of substituted quinazoline compounds with alpha-adrenergic blocking effects ,"Auspex Pharmaceuticals, Inc.","Thomas G. Gant, Sepehr Sarshar",2006-08-08,2007-08-08,2008-02-14,,https://patents.google.com/patent/US20080039473A1/en,
US-2011070192-A1,Method of preparation of novel nucleoside analogs and uses ,"Bruno Tse, Borcherng Hong, Wei-Hung Chen, Yea-Fen Jiang, Shuo-Cang Zhang, Subramanian Marappan, Sepehr Sarshar","Bruno Tse, Borcherng Hong, Wei-Hung Chen, Yea-Fen Jiang, Shuo-Cang Zhang, Subramanian Marappan, Sepehr Sarshar",2003-11-14,2004-11-08,2011-03-24,,https://patents.google.com/patent/US20110070192A1/en,
US-2007276042-A1,Preparation and utility of substituted carboxylic acid compounds ,"Auspex Pharmaceuticals, Inc.","Thomas G. Gant, Sepehr Sarshar, Soon Hyung Woo",2006-05-26,2007-05-22,2007-11-29,,https://patents.google.com/patent/US20070276042A1/en,
US-7767860-B2,Substituted amino alcohols ,"Auspex Pharmaceuticals, Inc","Thomas G. Gant, Sepehr Sarshar",2007-09-06,2008-09-03,2010-08-03,2010-08-03,https://patents.google.com/patent/US7767860B2/en,
US-2010143295-A1,Quinazoline inhibitors of egfr tyrosine kinase ,"Auspex Pharmaceuticals, Inc.","Thomas G. Gant, Sepehr Sarshar",2008-12-05,2009-12-04,2010-06-10,,https://patents.google.com/patent/US20100143295A1/en,
US-9585884-B2,Pyrimidinone inhibitors of lipoprotein-associated phospholipase A2 ,"Auspex Pharmaceuticals, Inc.","Tadimeti Rao, Chengzhi Zhang",2009-07-28,2013-12-16,2017-03-07,2017-03-07,https://patents.google.com/patent/US9585884B2/en,
US-7572816-B2,"Therapeutic agents for the treatment of cancer, metabolic diseases and skin disorders ","Auspex Pharmaceuticals, Inc.","Bruno Tse, Sepehr Sarshar",2003-08-01,2004-07-21,2009-08-11,2009-08-11,https://patents.google.com/patent/US7572816B2/en,
US-7468462-B2,"Therapeutic agents for the treatment of cancer, metabolic diseases and skin disorders ",Auspex Pharmaceuticals,Sepehr Sarshar,2004-05-03,2006-11-01,2008-12-23,2008-12-23,https://patents.google.com/patent/US7468462B2/en,
US-2008146605-A1,Preparation and utility of ccr5 inhibitors ,"Auspex Pharmaceuticals, Inc.","Thomas G. Gant, Sepehr Sarshar",2006-12-19,2007-12-19,2008-06-19,,https://patents.google.com/patent/US20080146605A1/en,
US-2010069399-A1,"Arylpiperazine modulators of d2 receptors, 5-ht1a receptors, and/or 5-ht2a receptors ","Auspex Pharmaceutical, Inc.","Thomas G. Gant, Sepehr Sarshar, Chengzhi Zhang",2008-09-15,2009-02-27,2010-03-18,,https://patents.google.com/patent/US20100069399A1/en,
US-2007112031-A1,Substituted phenylpiperidines with serotoninergic activity and enhanced therapeutic properties ,"Gant Thomas G, Sepehr Sarshar","Thomas Gant, Sepehr Sarshar",2005-11-14,2006-11-13,2007-05-17,,https://patents.google.com/patent/US20070112031A1/en,
US-2010087455-A1,Substituted xanthine compounds ,"Auspex Pharmaceuticals, Inc.",Thomas G. Gant,2008-10-06,2009-10-06,2010-04-08,,https://patents.google.com/patent/US20100087455A1/en,
US-2010016365-A1,Substituted 4-amino-piperidines ,"Auspex Pharmaceuticals, Inc.","Thomas G. Gant, Sepehr Sarshar",2008-07-17,2009-07-17,2010-01-21,,https://patents.google.com/patent/US20100016365A1/en,
US-2011206780-A1,"Morphinan modulators of nmda receptors, sigma1 receptors, sigma2 receptors, and/or a3b4 nicotinic receptors ","Auspex Pharmaceuticals, Inc.","Thomas G. Gant, Sepehr Sarshar, Chengzhi Zhang",2010-01-06,2011-01-05,2011-08-25,,https://patents.google.com/patent/US20110206780A1/en,
US-2010291025-A1,Indazole inhibitors of tyrosine kinase ,"Auspex Pharmaceuticals, Inc.","Tadimeti Rao, Chengzhi Zhang",2009-04-13,2010-04-13,2010-11-18,,https://patents.google.com/patent/US20100291025A1/en,
US-2010076087-A1,Methods of reduction of interpatient variability ,"Auspex Pharmaceuticals, Inc.","Thomas G. Gant, Sepehr Sarshar",2005-10-06,2009-04-13,2010-03-25,,https://patents.google.com/patent/US20100076087A1/en,
US-2011053968-A1,Aminopyrimidine inhibitors of tyrosine kinase ,"Auspex Pharmaceuticals, Inc.",Chengzhi Zhang,2009-06-09,2010-06-03,2011-03-03,,https://patents.google.com/patent/US20110053968A1/en,
US-9260424-B2,"4,6-diaminopyrimidine stimulators of soluble guanylate cyclase ","Auspex Pharmaceuticals, Inc.","Tadimeti Rao, Chengzhi Zhang",2009-10-26,2010-10-25,2016-02-16,2016-02-16,https://patents.google.com/patent/US9260424B2/en,
US-10167278-B2,Cyclopropanecarboxamide modulators of cystic fibrosis transmembrane conductance regulator ,"Auspex Pharmaceuticals, Inc.","Chengzhi Zhang, Justin Chakma",2014-12-31,2015-12-27,2019-01-01,2019-01-01,https://patents.google.com/patent/US10167278B2/en,
US-2010125085-A1,Pyridoindole modulators of nmda receptor and acetylcholinesterase ,"Auspex Pharmaceuticals, Inc.","Thomas G. Gant, Manouchehr M. Shahbaz",2008-11-17,2009-11-16,2010-05-20,,https://patents.google.com/patent/US20100125085A1/en,
US-2008167312-A1,Preparation and utility of substituted allylamines ,"Auspex Pharmaceuticals, Inc.","Thomas G. Gant, Sepehr Sarshar",2006-12-08,2007-12-10,2008-07-10,,https://patents.google.com/patent/US20080167312A1/en,
US-2008194529-A1,HIGHLY SELECTIVE and LONG-ACTING PDE5 MODULATORS ,"Auspex Pharmaceuticals, Inc.","Thomas G. Gant, Sepehr Sarshar",2007-02-12,2008-02-12,2008-08-14,,https://patents.google.com/patent/US20080194529A1/en,
US-2008262086-A1,Substituted anthranilic acids ,"Auspex Pharmaceuticals, Inc.","Thomas G. Gant, Sepehr Sarshar",2007-04-18,2008-04-18,2008-10-23,,https://patents.google.com/patent/US20080262086A1/en,
US-2011082151-A1,Sulfonylurea modulators of endothelin receptor ,"Auspex Pharmaceuticals, Inc.","Tadimeti Rao, Chengzhi Zhang",2009-06-12,2010-06-08,2011-04-07,,https://patents.google.com/patent/US20110082151A1/en,
US-2010111901-A1,Triazole inhibitors of aromatase ,"Auspex Pharmaceuticals, Inc.","Thomas G. Gant, Sepehr Sarshar, Manouchehr M. Shahbaz",2008-11-03,2009-11-03,2010-05-06,,https://patents.google.com/patent/US20100111901A1/en,
US-2010266711-A1,"Thienobenzodiazepine modulators of d1 receptor, d2 receptor, and/or 5-ht2 receptor ","Auspex Pharmaceuticals, Inc.","Thomas G. Gant, Sepehr Sarshar",2008-09-29,2009-09-24,2010-10-21,,https://patents.google.com/patent/US20100266711A1/en,
US-2009176792-A1,Substituted dibenzhydrylpiperazines ,"Auspex Pharmaceuticals, Inc.","Thomas G. Gant, Sepehr Sarshar",2008-01-07,2009-01-07,2009-07-09,,https://patents.google.com/patent/US20090176792A1/en,
CA-2936823-A1,Benzoquinoline inhibitors of vesicular monoamine transporter 2 ,"Auspex Pharmaceuticals, Inc., David STAMLER",David STAMLER,2014-01-27,2015-01-22,2015-07-30,,https://patents.google.com/patent/CA2936823A1/en,
US-2007155820-A1,Substituted aryloxypropylamines with serotoninergic and/or norepinephrinergic activity ,"Auspex Pharmaceuticals, Inc.","Thomas Gant, Sepehr Sarshar",2005-11-23,2006-11-22,2007-07-05,,https://patents.google.com/patent/US20070155820A1/en,
US-2010143505-A1,Indanone inhibitors of acetylcholinesterase ,"Auspex Pharmaceuticals, Inc.","Thomas G. Gant, Sepehr Sarshar, Manouchehr M. Shahbaz",2008-12-09,2009-12-09,2010-06-10,,https://patents.google.com/patent/US20100143505A1/en,
US-2018208592-A1,Benzoquinolone inhibitors of vmat2 ,"Auspex Pharmaceuticals, Inc.","Andreas Sommer, Chengzhi Zhang",2013-01-31,2017-09-28,2018-07-26,,https://patents.google.com/patent/US20180208592A1/en,
US-2010076074-A1,Carbamate reducers of skeletal muscle tension ,"Auspex Pharmaceuticals, Inc.","Thomas G. Gant, Manouchehr M. Shahbaz",2008-08-26,2009-08-20,2010-03-25,,https://patents.google.com/patent/US20100076074A1/en,
CA-2930744-A1,Methods of manufacturing benzoquinoline compounds ,"Auspex Pharmaceuticals, Inc., Chengzhi Zhang",Chengzhi Zhang,2013-12-03,2014-11-24,2015-06-11,,https://patents.google.com/patent/CA2930744A1/en,
US-2010159033-A1,"Benzisoxazole modulators of d2 receptor, and/or 5-ht2a receptor ","Auspex Pharmaceuticals, Inc.","Thomas G. Gant, Manoucherhr M. Shahbaz",2008-09-29,2009-09-25,2010-06-24,,https://patents.google.com/patent/US20100159033A1/en,
US-2010120733-A1,Steroid modulators of glucocorticoid receptor ,"Auspex Pharmaceuticals, Inc.","Thomas G. Gant, Manouchehr M. Shahbaz",2008-11-07,2009-11-06,2010-05-13,,https://patents.google.com/patent/US20100120733A1/en,
US-2011117214-A1,Cyclohexyl urea modulators of d2 receptors and/or d3 receptors ,"Auspex Pharmaceuticals, Inc.","Ronald C. Newbold, Chengzhi Zhang",2009-11-16,2010-11-15,2011-05-19,,https://patents.google.com/patent/US20110117214A1/en,
US-2009202540-A1,Substituted oxazaphosphorines ,"Auspex Pharmaceuticals, Inc.",Thomas G. Gant,2008-02-11,2009-02-10,2009-08-13,,https://patents.google.com/patent/US20090202540A1/en,
US-2010125094-A1,Pyrrolidinyl modulators of nicotinic acetylcholine receptors ,"Auspex Pharmaceuticals, Inc.","Thomas G. Gant, Manouchehr M. Shahbaz, Craig Hodulik",2008-11-17,2009-11-16,2010-05-20,,https://patents.google.com/patent/US20100125094A1/en,
US-2007287734-A1,Preparation and utility of substituted pyrazole compounds with cannabinoid receptor activity ,"Auspex Pharmaceuticals, Inc.","Thomas Gant, Sepehr Sarshar",2006-06-09,2007-06-11,2007-12-13,,https://patents.google.com/patent/US20070287734A1/en,
US-2010166887-A1,"DIBENZO[b,e][1,4]DIAZEPINE MODULATORS OF DOPAMINE RECEPTORS, SEROTONIN RECEPTORS, ADRENERGIC RECEPTORS, ACETYLCHOLINE RECEPTORS, AND/OR HISTAMINE RECEPTORS ","Auspex Pharmaceuticals, Inc.","Thomas G. Gant, Sepehr Sarshar",2008-10-22,2009-10-21,2010-07-01,,https://patents.google.com/patent/US20100166887A1/en,
