search URL:,https://patents.google.com/?assignee=AVALANCHE+BIOTECHNOLOGIES+INC
id,title,assignee,inventor/author,priority date,filing/creation date,publication date,grant date,result link,representative figure link
US-10000741-B2,Compositions and methods for enhanced gene expression in cone cells ,"Adverum Biotechnologies, Inc., University Of Washington","Thomas W. Chalberg, Jay Neitz, Maureen Neitz",2014-03-17,2015-03-17,2018-06-19,2018-06-19,https://patents.google.com/patent/US10000741B2/en,https://patentimages.storage.googleapis.com/1e/28/bd/91f1d2548dbb3a/US10000741-20180619-D00001.png
WO-2016141078-A1,Compositions and methods for intravitreal delivery of polynucleotides to retinal cones ,"Avalanche Biotechnologies, Inc., University Of Washington","Thomas W. Chalberg, Jay Neitz, Maureen Neitz",2015-03-02,2016-03-02,2016-09-09,,https://patents.google.com/patent/WO2016141078A1/en,
US-2015111275-A1,Optical regulation of gene expression in the retina ,"Daniel V. Palanker, Thomas W. Chalbert, JR.","Daniel V. Palanker, Thomas W. Chalbert, JR.",2012-06-11,2013-06-10,2015-04-23,,https://patents.google.com/patent/US20150111275A1/en,https://patentimages.storage.googleapis.com/fa/82/74/28206481a9fb43/US20150111275A1-20150423-D00001.png
US-2017183647-A1,Mutant viral capsid libraries and related systems and methods ,"Adverum Biotechnologies, Inc.","Christopher Chavez, Mehdi Gasmi, Annahita Keravala",2015-12-23,2016-12-22,2017-06-29,,https://patents.google.com/patent/US20170183647A1/en,https://patentimages.storage.googleapis.com/98/91/d0/3c8099fc23df55/US20170183647A1-20170629-D00001.png
